ds,yhat,yhat_lower,yhat_upper
2011-01-29,0.07912438736028062,0.0,1.235088558101398
2011-01-30,0.0,0.0,1.0597409289595008
2011-01-31,0.0,0.0,1.0850877442370583
2011-02-01,0.0,0.0,1.1324985505514003
2011-02-02,0.0,0.0,1.190868216557676
2011-02-03,0.0,0.0,1.1280813763362725
2011-02-04,0.0,0.0,1.1068307382411453
2011-02-05,0.12614650439258673,0.0,1.286356734929667
2011-02-06,0.0,0.0,0.8068067016818391
2011-02-07,0.0,0.0,1.1151401249700559
2011-02-08,0.05708640559188209,0.0,1.2243121970517274
2011-02-09,0.0,0.0,1.2172768649939698
2011-02-10,0.0,0.0,1.1279326031054315
2011-02-11,0.02693472491998133,0.0,1.2155264355756479
2011-02-12,0.1934587040908579,0.0,1.3965769917677948
2011-02-13,0.08954292914285562,0.0,1.3329491301557475
2011-02-14,0.11087865260455629,0.0,1.410970523780389
2011-02-15,0.11538181446719502,0.0,1.2416447476190684
2011-02-16,0.029304656631933584,0.0,1.1609557757195463
2011-02-17,0.007999820326170887,0.0,1.1503666702563131
2011-02-18,0.06753942828867862,0.0,1.3232378282172725
2011-02-19,0.22684959193512783,0.0,1.3936813214729833
2011-02-20,0.11533054253328487,0.0,1.2840743050882935
2011-02-21,0.0,0.0,0.7201713790217201
2011-02-22,0.12549268123326032,0.0,1.2586532973344111
2011-02-23,0.03169282404867702,0.0,1.1721850988974425
2011-02-24,0.002968760215869365,0.0,1.2374714718391508
2011-02-25,0.055550545735956636,0.0,1.226012928688014
2011-02-26,0.20850816009966439,0.0,1.3711970592957055
2011-02-27,0.09136825116185512,0.0,1.2844798901852659
2011-02-28,0.018207195856136688,0.0,1.1558645726019297
2011-03-01,0.0928852912887135,0.0,1.1798654572723364
2011-03-02,0.0,0.0,1.1390258673277045
2011-03-03,0.0,0.0,1.0377618001489175
2011-03-04,0.01734534558703738,0.0,1.2538413689091534
2011-03-05,0.1704585166797713,0.0,1.3178069504612315
2011-03-06,0.05443444282090548,0.0,1.2527190800701629
2011-03-07,0.0,0.0,1.1697288057570359
2011-03-08,0.060780143467156864,0.0,1.2276757887820922
2011-03-09,0.0,0.0,0.7086958214309216
2011-03-10,0.0,0.0,1.104349721377263
2011-03-11,0.0,0.0,1.1297005443600092
2011-03-12,0.15540565344710175,0.0,1.2528510548318144
2011-03-13,0.044420553232770915,0.0,1.1616222274673915
2011-03-14,0.0,0.0,1.1387174071084532
2011-03-15,0.060783625622522146,0.0,1.2233549732172366
2011-03-16,0.0,0.0,0.7567655476959793
2011-03-17,0.0,0.0,0.9231462816180245
2011-03-18,0.010339124037392965,0.0,1.1087236265593952
2011-03-19,0.17162164051660964,0.0,1.3912090450466963
2011-03-20,0.0,0.0,1.0510370671714968
2011-03-21,0.0,0.0,1.0915358191254623
2011-03-22,0.08287256884014213,0.0,1.2469489474886628
2011-03-23,0.0,0.0,1.0936958747184797
2011-03-24,0.0,0.0,1.0858969653429396
2011-03-25,0.03178840072115526,0.0,1.1104904255472157
2011-03-26,0.19149317013561554,0.0,1.3404388958842892
2011-03-27,0.08099907711294713,0.0,1.3103196400481236
2011-03-28,0.014196087612064623,0.0,1.1785980917338088
2011-03-29,0.0947725473638118,0.0,1.3090445932413028
2011-03-30,0.003375511162297033,0.0,1.192301033112438
2011-03-31,0.0,0.0,1.1090200060306203
2011-04-01,0.03273789111075619,0.0,1.2141062548136867
2011-04-02,0.18859264149343538,0.0,1.357658258127416
2011-04-03,0.07431059565796222,0.0,1.3380651290189087
2011-04-04,0.0038693722806481326,0.0,1.2012949211166601
2011-04-05,0.08103490454157887,0.0,1.2528336479632036
2011-04-06,0.0,0.0,1.2128685143871842
2011-04-07,0.0,0.0,1.195617262733168
2011-04-08,0.010713715087710879,0.0,1.2674736132139046
2011-04-09,0.1645748470897436,0.0,1.3063419876949247
2011-04-10,0.048703658589557865,0.0,1.2480423967475844
2011-04-11,0.0,0.0,1.1399977054379706
2011-04-12,0.053401128704984244,0.0,1.239960110287738
2011-04-13,0.0,0.0,1.102588035398128
2011-04-14,0.0,0.0,1.100885316222638
2011-04-15,0.0,0.0,1.1327114257337478
2011-04-16,0.13630733474537002,0.0,1.2517783020580615
2011-04-17,0.020626803627485,0.0,1.0783474543046387
2011-04-18,0.0,0.0,1.0240720836173438
2011-04-19,0.02560900429375844,0.0,1.2430867908890655
2011-04-20,0.0,0.0,1.0692191033044547
2011-04-21,0.0,0.0,1.0630333793029312
2011-04-22,0.0,0.0,1.1245772546680932
2011-04-23,0.10679805194417155,0.0,1.3604641434971416
2011-04-24,0.0,0.0,0.7946827192815049
2011-04-25,0.0,0.0,1.1103099307199245
2011-04-26,0.0,0.0,0.9921821270213607
2011-04-27,0.0,0.0,1.040046565849721
2011-04-28,0.0,0.0,1.0635792942567264
2011-04-29,0.0,0.0,1.2344020742364261
2011-04-30,0.06168706181186922,0.0,1.2953471176021054
2011-05-01,0.0,0.0,1.2176254927402017
2011-05-02,0.0,0.0,1.063912910068355
2011-05-03,0.0,0.0,1.108088780742505
2011-05-04,0.0,0.0,1.035231573205211
2011-05-05,0.0,0.0,0.7729418039139878
2011-05-06,0.0,0.0,1.032638877766719
2011-05-07,0.0,0.0,1.2138241843657607
2011-05-08,0.0,0.0,1.058124160307174
2011-05-09,0.0,0.0,0.9170339723139
2011-05-10,0.0,0.0,0.9681107798592119
2011-05-11,0.0,0.0,0.9206940483312261
2011-05-12,0.0,0.0,0.909590008976425
2011-05-13,0.0,0.0,0.9516597328934916
2011-05-14,0.0,0.0,1.0966734688942912
2011-05-15,0.0,0.0,0.9922807745047071
2011-05-16,0.0,0.0,0.7840171704458788
2011-05-17,0.0,0.0,0.9679523548023693
2011-05-18,0.0,0.0,0.945215756007651
2011-05-19,0.0,0.0,0.8369612218358535
2011-05-20,0.0,0.0,0.9515379536180211
2011-05-21,0.0,0.0,1.0632134971610587
2011-05-22,0.0,0.0,0.9949442294025798
2011-05-23,0.0,0.0,0.962400099264915
2011-05-24,0.0,0.0,0.9831925765374353
2011-05-25,0.0,0.0,0.8673575839867905
2011-05-26,0.0,0.0,0.8906882159914521
2011-05-27,0.0,0.0,0.8782888827108272
2011-05-28,0.0,0.0,1.059761375056335
2011-05-29,0.0,0.0,0.9802402761706007
2011-05-30,0.0,0.0,0.9806786675749765
2011-05-31,0.0,0.0,1.1880189910663932
2011-06-01,0.0,0.0,0.9653600262290589
2011-06-02,0.0,0.0,0.8045611634610637
2011-06-03,0.0,0.0,0.9843781979138844
2011-06-04,0.0,0.0,1.149977702810237
2011-06-05,0.0,0.0,1.0062101539232955
2011-06-06,0.0,0.0,0.9725247850381055
2011-06-07,0.0,0.0,1.1117259949865443
2011-06-08,0.0,0.0,0.9707169048244206
2011-06-09,0.0,0.0,0.9667057444528016
2011-06-10,0.0,0.0,0.9937738930113514
2011-06-11,0.0040856488588264395,0.0,1.0088287966640048
2011-06-12,0.06165259604179435,0.0,1.2270859803137628
2011-06-13,0.0,0.0,0.9824697621519249
2011-06-14,0.0,0.0,1.1247193535770312
2011-06-15,0.0,0.0,0.9647964577296773
2011-06-16,0.0,0.0,0.8957327251952228
2011-06-17,0.0,0.0,1.035197940289664
2011-06-18,0.03502128995776779,0.0,1.208155584620075
2011-06-19,0.29286571753721985,0.0,1.423968710085475
2011-06-20,0.0,0.0,0.9729889610341771
2011-06-21,0.0,0.0,1.1978097368043186
2011-06-22,0.0,0.0,1.0455494565728845
2011-06-23,0.0,0.0,0.9897198350691675
2011-06-24,0.0,0.0,1.0820315630167199
2011-06-25,0.0640778661047868,0.0,1.2389482578685265
2011-06-26,0.0,0.0,1.1691239975644971
2011-06-27,0.0,0.0,1.1505076276635497
2011-06-28,0.0,0.0,1.1174678682145562
2011-06-29,0.0,0.0,1.010702658084703
2011-06-30,0.0,0.0,1.1625837847581637
2011-07-01,0.0,0.0,1.0738938128341213
2011-07-02,0.09250146792703358,0.0,1.3362642045732676
2011-07-03,0.0,0.0,1.175636606603008
2011-07-04,0.2844867729641819,0.0,1.5104342362776795
2011-07-05,0.0025273449388875414,0.0,1.2114150941635535
2011-07-06,0.0,0.0,1.0688224529558776
2011-07-07,0.0,0.0,1.0775853156019404
2011-07-08,0.0,0.0,1.1546929875928253
2011-07-09,0.10744717069898306,0.0,1.2586335787764633
2011-07-10,0.0,0.0,1.1336151741182112
2011-07-11,0.0,0.0,1.0659976480960658
2011-07-12,0.008499882479410244,0.0,1.2008132308211827
2011-07-13,0.0,0.0,1.200261793962381
2011-07-14,0.0,0.0,1.0172221589612074
2011-07-15,0.0,0.0,1.2229424774522069
2011-07-16,0.10283271721588096,0.0,1.306781738688121
2011-07-17,0.0,0.0,1.1108063152963292
2011-07-18,0.0,0.0,1.056313654204733
2011-07-19,0.0,0.0,1.1778701759917634
2011-07-20,0.0,0.0,1.0224218581085123
2011-07-21,0.0,0.0,1.0304353200780072
2011-07-22,0.0,0.0,1.1434869666617948
2011-07-23,0.09705280905026131,0.0,1.2196285188011522
2011-07-24,0.0,0.0,1.1798729715298126
2011-07-25,0.0,0.0,1.1060850937139708
2011-07-26,0.002566377743584,0.0,1.2224946971237638
2011-07-27,0.0,0.0,1.0058579510057402
2011-07-28,0.0,0.0,1.0837810239750503
2011-07-29,0.0,0.0,1.1111938175664011
2011-07-30,0.11655977388353783,0.0,1.2669914835863312
2011-07-31,0.010113368562529056,0.0,1.1547609845139073
2011-08-01,0.3288900550353626,0.0,1.4839357846872434
2011-08-02,0.03504996821090268,0.0,1.2584528323808013
2011-08-03,0.0,0.0,1.1380982987044213
2011-08-04,0.0,0.0,1.1865369958118304
2011-08-05,0.0,0.0,1.2028411995165413
2011-08-06,0.16036988068392255,0.0,1.2912557700292773
2011-08-07,0.0549533970662157,0.0,1.2394506698449663
2011-08-08,0.0,0.0,1.1337039391419268
2011-08-09,0.07927496797765025,0.0,1.3395852632096654
2011-08-10,0.0,0.0,1.1180812597626648
2011-08-11,0.0,0.0,1.103966654284605
2011-08-12,0.03218475490200758,0.0,1.198898139094969
2011-08-13,0.19228385440896342,0.0,1.3441595590467008
2011-08-14,0.08168624753764381,0.0,1.147246256095563
2011-08-15,0.014274828409717881,0.0,1.1934101751302506
2011-08-16,0.0937398552063032,0.0,1.2328133507561618
2011-08-17,0.0007405276272292628,0.0,1.1636910473833713
2011-08-18,0.0,0.0,1.1490984610025545
2011-08-19,0.02553161792824049,0.0,1.183343373553981
2011-08-20,0.1785011224339846,0.0,1.3972720643213035
2011-08-21,0.06101121313520965,0.0,1.3425533475828086
2011-08-22,0.0,0.0,1.1295645344747243
2011-08-23,0.06065907187096867,0.0,1.273288086067416
2011-08-24,0.0,0.0,1.2278904378109994
2011-08-25,0.0,0.0,1.0284994837828592
2011-08-26,0.0,0.0,1.1036242885068204
2011-08-27,0.13017097772311245,0.0,1.258801478371163
2011-08-28,0.011492730279528343,0.0,1.1566262025509138
2011-08-29,0.0,0.0,1.1061157585503045
2011-08-30,0.012289460229686227,0.0,1.165361409754816
2011-08-31,0.010516189800199225,0.0,1.1310436322012145
2011-09-01,0.0,0.0,0.991433031610757
2011-09-02,0.0,0.0,1.0317304878451992
2011-09-03,0.0975219196267089,0.0,1.3597815800985609
2011-09-04,0.0,0.0,1.1182387133138434
2011-09-05,1.0985286575555064,0.0,2.321488172583037
2011-09-06,0.0002514020702602468,0.0,1.1159921102122403
2011-09-07,0.0,0.0,1.0555989636457253
2011-09-08,0.0,0.0,0.9799293106997805
2011-09-09,0.0,0.0,1.1756725906542642
2011-09-10,0.11653665282298577,0.0,1.2937758250935674
2011-09-11,0.011256723887822189,0.0,1.1792462637896997
2011-09-12,0.0,0.0,1.1484395599337867
2011-09-13,0.03868106073063197,0.0,1.149190947428232
2011-09-14,0.0,0.0,1.0843369008524701
2011-09-15,0.0,0.0,1.0667648062804045
2011-09-16,0.0025373737758526836,0.0,1.117674379469376
2011-09-17,0.16763820103357752,0.0,1.4112845628457755
2011-09-18,0.06254161852878018,0.0,1.195955742051839
2011-09-19,0.001007483559975232,0.0,1.1275299065419522
2011-09-20,0.08659514503482049,0.0,1.2867616254341532
2011-09-21,0.0,0.0,1.2042537014552304
2011-09-22,0.0,0.0,1.2320645067136617
2011-09-23,0.036855479017523965,0.0,1.3243725978508412
2011-09-24,0.1955562546551254,0.0,1.4155796149644322
2011-09-25,0.08336505609613831,0.0,1.1762773553977277
2011-09-26,0.014212375469441579,0.0,1.1394996352731337
2011-09-27,0.09184018298570751,0.0,1.3254680930869676
2011-09-28,0.0,0.0,1.1451700520266945
2011-09-29,0.0,0.0,1.0773848486147803
2011-09-30,0.018079185421375245,0.0,1.145505807967245
2011-10-01,0.16935341487366048,0.0,1.3644062828994508
2011-10-02,0.05031937024974044,0.0,1.1333102686950534
2011-10-03,0.0,0.0,1.2497529726515493
2011-10-04,0.04745753375584904,0.0,1.2021381109935618
2011-10-05,0.0,0.0,1.0882138074960854
2011-10-06,0.0,0.0,1.1828232049287972
2011-10-07,0.0,0.0,1.1705967379921953
2011-10-08,0.11459563012367241,0.0,1.3065225103795561
2011-10-09,0.0,0.0,1.09961630490384
2011-10-10,0.08770165596678671,0.0,1.171065108920039
2011-10-11,0.0,0.0,1.1332782898815483
2011-10-12,0.0,0.0,1.0610255671298827
2011-10-13,0.0,0.0,1.0986595852979595
2011-10-14,0.0,0.0,1.1139593294307002
2011-10-15,0.08251570662405208,0.0,1.3458956465051153
2011-10-16,0.0,0.0,1.0852356459971357
2011-10-17,0.0,0.0,1.077493009257552
2011-10-18,0.0,0.0,1.193121298775826
2011-10-19,0.0,0.0,1.0554736963620648
2011-10-20,0.0,0.0,0.9942962298903107
2011-10-21,0.0,0.0,1.057583994249541
2011-10-22,0.09425771735527115,0.0,1.2922732991751755
2011-10-23,0.0,0.0,1.1404683446086359
2011-10-24,0.0,0.0,1.1626917906597911
2011-10-25,0.008484075120285962,0.0,1.222472904797782
2011-10-26,0.0,0.0,1.1109236490800232
2011-10-27,0.0,0.0,1.0649258142382714
2011-10-28,0.0,0.0,1.049647690559173
2011-10-29,0.12439025545420283,0.0,1.3653069967423364
2011-10-30,0.016095621051402723,0.0,1.158242948577367
2011-10-31,0.0,0.0,0.9174553171395745
2011-11-01,0.03450306193381375,0.0,1.1809611269313343
2011-11-02,0.0,0.0,1.064802869976282
2011-11-03,0.0,0.0,1.0489475604060248
2011-11-04,0.0,0.0,1.148364878797901
2011-11-05,0.13794832094609638,0.0,1.3132686526873405
2011-11-06,0.026097510258629494,0.0,1.2635615067301238
2011-11-07,0.23383214897409957,0.0,1.4535187795753208
2011-11-08,0.03777116040824327,0.0,1.1688679721228286
2011-11-09,0.0,0.0,1.091110915718629
2011-11-10,0.0,0.0,1.0101401215955264
2011-11-11,0.659622677812724,0.0,1.8471872307888284
2011-11-12,0.13237452650464335,0.0,1.3071354947970206
2011-11-13,0.019759435468186162,0.0,1.186206674020297
2011-11-14,0.0,0.0,1.0402905140072327
2011-11-15,0.03192987017573675,0.0,1.2046960908204423
2011-11-16,0.0,0.0,1.1045917484613734
2011-11-17,0.0,0.0,1.0308277189392419
2011-11-18,0.0,0.0,1.1651895438740445
2011-11-19,0.13522659043065205,0.0,1.361956829926588
2011-11-20,0.02608695042848009,0.0,1.2744968367923584
2011-11-21,0.0,0.0,1.2419921810771413
2011-11-22,0.04617340494498519,0.0,1.2433429276031542
2011-11-23,0.0,0.0,1.1745570171499895
2011-11-24,0.2524472586300681,0.0,1.4102975148201597
2011-11-25,0.0022634835593432186,0.0,1.1861763370358758
2011-11-26,0.166176509061226,0.0,1.3158497445107755
2011-11-27,0.06077218230040597,0.0,1.1730673215158873
2011-11-28,0.0,0.0,1.1818185026160224
2011-11-29,0.08714695745931113,0.0,1.3079365888340868
2011-11-30,0.0031026711434540546,0.0,1.2186521188247343
2011-12-01,0.0,0.0,1.112729693023413
2011-12-02,0.04876849314655266,0.0,1.2565442284409871
2011-12-03,0.21334287301282506,0.0,1.4688206834354716
2011-12-04,0.10799817852476075,0.0,1.2387579786404397
2011-12-05,0.04659210150407983,0.0,1.1350152658047263
2011-12-06,0.13277575012953685,0.0,1.4122944502296626
2011-12-07,0.04715525865244259,0.0,1.1824750976385245
2011-12-08,0.027003650206713546,0.0,1.1883592090371524
2011-12-09,0.0884046829366737,0.0,1.3219390692806554
2011-12-10,0.2502816254339927,0.0,1.4163982703559346
2011-12-11,0.14201702291279525,0.0,1.340113002801766
2011-12-12,0.07754856045218511,0.0,1.2119583950506037
2011-12-13,0.16060577731896994,0.0,1.4089377152346607
2011-12-14,0.0718690005648561,0.0,1.1961941873759372
2011-12-15,0.04867872690823769,0.0,1.2098166753849033
2011-12-16,0.10717726388285077,0.0,1.2484557860475491
2011-12-17,0.2663356477310216,0.0,1.3788445960118176
2011-12-18,0.15557195945118568,0.0,1.3090986410369507
2011-12-19,0.08884619194920775,0.0,1.3283862456875672
2011-12-20,0.16989645411024926,0.0,1.4028847108839537
2011-12-21,0.07939789597889732,0.0,1.18458468286534
2011-12-22,0.054672583759254614,0.0,1.3089911216226267
2011-12-23,0.11183211900055322,0.0,1.2718238553776706
2011-12-24,0.26980598705955505,0.0,1.452344279412169
2011-12-25,0.0,0.0,0.8457197414766565
2011-12-26,0.09020188971984433,0.0,1.2744795735230814
2011-12-27,0.1702028750719048,0.0,1.4131171593149867
2011-12-28,0.0,0.0,0.8574050573717484
2011-12-29,0.05258182577192204,0.0,1.266907205395334
2011-12-30,0.10827229264927467,0.0,1.3496273010782878
2011-12-31,0.2645249750397629,0.0,1.5150080864997875
2012-01-01,0.0,0.0,1.1585736594263545
2012-01-02,0.08056030030706102,0.0,1.2581343802972846
2012-01-03,0.15787091333844624,0.0,1.363474145556387
2012-01-04,0.06320332291322961,0.0,1.203689201404774
2012-01-05,0.033828487156869154,0.0,1.2862014926956384
2012-01-06,0.08582687622768584,0.0,1.2133003760877006
2012-01-07,0.0,0.0,0.8631197503444321
2012-01-08,0.12008999841740785,0.0,1.2339490033164637
2012-01-09,0.04568288443981204,0.0,1.3080797110257918
2012-01-10,0.11864246670867912,0.0,1.254706994445383
2012-01-11,0.01967385517163507,0.0,1.1920200481646464
2012-01-12,0.0,0.0,1.2172858728772369
2012-01-13,0.03427528557143546,0.0,1.1918004885810904
2012-01-14,0.1830723168116542,0.0,1.3387795049513849
2012-01-15,0.06204179929241121,0.0,1.2987206846069652
2012-01-16,0.0,0.0,1.0040068945134561
2012-01-17,0.0565023257109524,0.0,1.2192863942589407
2012-01-18,0.0,0.0,1.1370297871235098
2012-01-19,0.0,0.0,1.0581127847842693
2012-01-20,0.0,0.0,1.2188360278749455
2012-01-21,0.12275938279662484,0.0,1.3316581413251498
2012-01-22,0.004576991402801572,0.0,1.2326408225518186
2012-01-23,0.0,0.0,1.0935210990409736
2012-01-24,0.007648209508749099,0.0,1.2245445041359166
2012-01-25,0.0,0.0,1.079418073282028
2012-01-26,0.0,0.0,0.9964193744045526
2012-01-27,0.0,0.0,1.100053562483303
2012-01-28,0.10120670232041373,0.0,1.1536063755403412
2012-01-29,0.0,0.0,1.1975919824627679
2012-01-30,0.0,0.0,1.0799291877368207
2012-01-31,0.011976003416618211,0.0,1.1975456603680799
2012-02-01,0.0,0.0,1.0267378337367856
2012-02-02,0.0,0.0,1.1416298189346912
2012-02-03,0.0,0.0,1.1984711837106228
2012-02-04,0.13933643947325064,0.0,1.3774167867884863
2012-02-05,0.0,0.0,0.96690671942658
2012-02-06,0.0,0.0,1.1202428101995712
2012-02-07,0.06919684499758656,0.0,1.206957678087358
2012-02-08,0.0,0.0,1.0867219578780425
2012-02-09,0.0,0.0,1.0906145217215388
2012-02-10,0.04001371656220743,0.0,1.3613266131580846
2012-02-11,0.2072850257901217,0.0,1.4105549698974638
2012-02-12,0.10430166353103433,0.0,1.2583210371209441
2012-02-13,0.04483733021423637,0.0,1.2465929386125456
2012-02-14,0.21436130225090583,0.0,1.4504048123071052
2012-02-15,0.04772749974584347,0.0,1.2725422891893763
2012-02-16,0.027836908878047552,0.0,1.1492293037747483
2012-02-17,0.08883424139449442,0.0,1.239116894423236
2012-02-18,0.2496125306448293,0.0,1.472265393182991
2012-02-19,0.13953920160411296,0.0,1.2428184333563157
2012-02-20,0.0,0.0,0.8019404124987244
2012-02-21,0.1524005076061847,0.0,1.3275998579812363
2012-02-22,0.0,0.0,0.8795190476488562
2012-02-23,0.03213373127746807,0.0,1.1936335544118166
2012-02-24,0.08562069310534702,0.0,1.313563287216285
2012-02-25,0.23931171034205861,0.0,1.4624129375267485
2012-02-26,0.12272192686576221,0.0,1.4034017335007907
2012-02-27,0.049921001383785135,0.0,1.2453161317084442
2012-02-28,0.12476738606170769,0.0,1.3251067556471567
2012-02-29,0.0,0.0,0.9562671510834964
2012-03-01,0.0,0.0,1.0779818617632608
2012-03-02,0.04863416071030029,0.0,1.1850733075458613
2012-03-03,0.20122320479270117,0.0,1.4024687889536873
2012-03-04,0.08454129693746733,0.0,1.2422921755486183
2012-03-05,0.012621433157688834,0.0,1.0922211459850553
2012-03-06,0.08926190062104095,0.0,1.3253167525236826
2012-03-07,0.0,0.0,1.1565092637714256
2012-03-08,0.0,0.0,0.925998330930146
2012-03-09,0.023081344164889838,0.0,1.1752922727091928
2012-03-10,0.18012690155622615,0.0,1.3147378362311053
2012-03-11,0.06824956429169453,0.0,1.2999808479837045
2012-03-12,0.0013397782650872974,0.0,1.143738030416698
2012-03-13,0.0830522388646774,0.0,1.1963139283518462
2012-03-14,0.0,0.0,1.1621447179641593
2012-03-15,0.0,0.0,1.0932984149954872
2012-03-16,0.03108719835733352,0.0,1.3050456838692348
2012-03-17,0.0,0.0,1.2306428807465692
2012-03-18,0.0836979460993627,0.0,1.2858723673096188
2012-03-19,0.019614675986388996,0.0,1.2462816776716732
2012-03-20,0.1034727244074088,0.0,1.1881001815951022
2012-03-21,0.01581558004108105,0.0,1.1635968505294902
2012-03-22,0.0,0.0,1.1913006530117387
2012-03-23,0.05358247030415589,0.0,1.2503334647480484
2012-03-24,0.21386985493880523,0.0,1.336225997927391
2012-03-25,0.10402212586372081,0.0,1.2554907643876647
2012-03-26,0.03791030508941747,0.0,1.2377271354967647
2012-03-27,0.1192034441180809,0.0,1.3309445104951636
2012-03-28,0.028529561758099363,0.0,1.2319112442325972
2012-03-29,0.0031867629627619796,0.0,1.1990976567274518
2012-03-30,0.05928629657732869,0.0,1.3203265618905289
2012-03-31,0.21578052563799938,0.0,1.3498750627948672
2012-04-01,0.10208189834694356,0.0,1.304831597111979
2012-04-02,0.032158063108590096,0.0,1.2501175843034513
2012-04-03,0.10976784343771882,0.0,1.2673874099317517
2012-04-04,0.015619581316379447,0.0,1.211201594796264
2012-04-05,0.0,0.0,1.1471464583165698
2012-04-06,0.0403152753690772,0.0,1.2195429264709927
2012-04-07,0.19431790973933724,0.0,1.5171865087083298
2012-04-08,0.0,0.0,1.008437671868699
2012-04-09,0.006910960730451539,0.0,1.1083548825179907
2012-04-10,0.08322807988645411,0.0,1.2003321053833589
2012-04-11,0.0,0.0,1.095307504062987
2012-04-12,0.0,0.0,1.1867678253657115
2012-04-13,0.011980904960162355,0.0,1.2531145992931503
2012-04-14,0.03372611590290306,0.0,1.165670039578503
2012-04-15,0.0,0.0,0.9713753098182533
2012-04-16,0.0,0.0,1.1473066176083406
2012-04-17,0.05529363082771493,0.0,1.137273193073136
2012-04-18,0.0,0.0,1.0263120281333538
2012-04-19,0.0,0.0,1.1065907052073125
2012-04-20,0.0,0.0,1.2135402186925883
2012-04-21,0.13742806377409283,0.0,1.3326246690253325
2012-04-22,0.020953865225510005,0.0,1.1514887248708365
2012-04-23,0.0,0.0,1.1498691685397886
2012-04-24,0.023437685397237125,0.0,1.2616361088995727
2012-04-25,0.0,0.0,1.0910917369466007
2012-04-26,0.0,0.0,0.997192629012907
2012-04-27,0.0,0.0,1.1845073942791498
2012-04-28,0.09617010421292162,0.0,1.2277758417261833
2012-04-29,0.0,0.0,1.1477520965653725
2012-04-30,0.0,0.0,1.0103757597541672
2012-05-01,0.0,0.0,1.173748464389537
2012-05-02,0.0,0.0,0.9605589691995353
2012-05-03,0.0,0.0,1.0634525471129634
2012-05-04,0.0,0.0,1.0867816664730536
2012-05-05,0.0,0.0,1.070504734540428
2012-05-06,0.0,0.0,1.0465151259863352
2012-05-07,0.0,0.0,1.0866885784460971
2012-05-08,0.0,0.0,1.0991402478758858
2012-05-09,0.0,0.0,0.9723036167889928
2012-05-10,0.0,0.0,0.9848270030911995
2012-05-11,0.0,0.0,1.0408122715377661
2012-05-12,0.0,0.0,1.1794604432216402
2012-05-13,0.0,0.0,1.0958695916683405
2012-05-14,0.0,0.0,1.0306628412683556
2012-05-15,0.0,0.0,1.018488128835158
2012-05-16,0.0,0.0,0.9279704834830951
2012-05-17,0.0,0.0,0.9038012860726464
2012-05-18,0.0,0.0,0.8995208406546663
2012-05-19,0.0,0.0,1.1019707197114346
2012-05-20,0.0,0.0,1.052063484924479
2012-05-21,0.0,0.0,0.9368213020652865
2012-05-22,0.0,0.0,0.9098411320933689
2012-05-23,0.0,0.0,0.8677020133907948
2012-05-24,0.0,0.0,0.8987702390497032
2012-05-25,0.0,0.0,0.9272224830953882
2012-05-26,0.0,0.0,0.9996041207162293
2012-05-27,0.0,0.0,0.9688669806360725
2012-05-28,0.0,0.0,0.9319611043597468
2012-05-29,0.0,0.0,0.983603242678665
2012-05-30,0.0,0.0,1.02530666307782
2012-05-31,0.0,0.0,0.9553350854301985
2012-06-01,0.0,0.0,0.9686709543118881
2012-06-02,0.0,0.0,1.1085733612191664
2012-06-03,0.0,0.0,1.128260720288884
2012-06-04,0.0,0.0,0.9110186053580457
2012-06-05,0.0,0.0,1.135769368760139
2012-06-06,0.0,0.0,0.9674143063497459
2012-06-07,0.0,0.0,0.9923234813907215
2012-06-08,0.0,0.0,1.0411629114290293
2012-06-09,0.022283816145274853,0.0,1.2625768115020526
2012-06-10,0.0,0.0,1.0755364175375237
2012-06-11,0.0,0.0,1.15348831206968
2012-06-12,0.05978676903624926,0.0,1.297990168474624
2012-06-13,0.0,0.0,1.0659352350654043
2012-06-14,0.0,0.0,1.0321127188580304
2012-06-15,0.0,0.0,1.0267860956670203
2012-06-16,0.05461679871038597,0.0,1.1752059653893474
2012-06-17,0.3124933680185884,0.0,1.5185476547319448
2012-06-18,0.0,0.0,1.0362958071280783
2012-06-19,0.0,0.0,1.1640303602359485
2012-06-20,0.0,0.0,1.067122761703567
2012-06-21,0.024571848333262217,0.0,1.1334291853839498
2012-06-22,0.0,0.0,1.0394283816948793
2012-06-23,0.08343761381966182,0.0,1.2044084363094754
2012-06-24,0.0,0.0,1.2108128374415053
2012-06-25,0.0,0.0,1.077110184291497
2012-06-26,0.0,0.0,1.3080814054930827
2012-06-27,0.0,0.0,1.120985539073586
2012-06-28,0.0,0.0,1.0461685964249734
2012-06-29,0.0,0.0,1.1576990229620312
2012-06-30,0.11266825609755945,0.0,1.3139861443735827
2012-07-01,0.0045595914230714685,0.0,1.1608110520003874
2012-07-02,0.0,0.0,1.1045356250045197
2012-07-03,0.023920386773790485,0.0,1.182042999983042
2012-07-04,0.30064595218712903,0.0,1.402090323152134
2012-07-05,0.0,0.0,1.202781353148904
2012-07-06,0.0,0.0,1.2668554238910024
2012-07-07,0.13103252491361989,0.0,1.2798186610768487
2012-07-08,0.020213350302871566,0.0,1.1922248084685616
2012-07-09,0.0,0.0,1.1692180522449311
2012-07-10,0.03368464977918225,0.0,1.2589995575659376
2012-07-11,0.0,0.0,1.2125642474093488
2012-07-12,0.0,0.0,1.110724795116419
2012-07-13,0.0,0.0,1.2086099006684454
2012-07-14,0.12927512482693018,0.0,1.3563188401110235
2012-07-15,0.016124396825796458,0.0,1.1544078274290817
2012-07-16,0.0,0.0,1.1729682987578085
2012-07-17,0.026168796173908517,0.0,1.173303365023714
2012-07-18,0.0,0.0,1.1247728701164432
2012-07-19,0.0,0.0,1.0595947926550255
2012-07-20,0.3444606160902,0.0,1.500648554594157
2012-07-21,0.12152022784196113,0.0,1.3015658051472991
2012-07-22,0.009871325021241252,0.0,1.1688238801197581
2012-07-23,0.0,0.0,1.1223599925822236
2012-07-24,0.024741582565215706,0.0,1.1785484117931904
2012-07-25,0.0,0.0,1.0545595500573997
2012-07-26,0.0,0.0,1.0742004849371918
2012-07-27,0.0,0.0,1.1942275895731058
2012-07-28,0.13541321708724655,0.0,1.3567277922721839
2012-07-29,0.02824784725475709,0.0,1.1216075726177654
2012-07-30,0.0,0.0,1.0937776886587782
2012-07-31,0.05204623806923934,0.0,1.1899832443722176
2012-08-01,0.0,0.0,1.1644207400000008
2012-08-02,0.0,0.0,1.2323180437545163
2012-08-03,0.01231806659141077,0.0,1.1428677404105665
2012-08-04,0.17699368824054573,0.0,1.3536492038999643
2012-08-05,0.07192486502322404,0.0,1.2045569299271925
2012-08-06,0.010894318491385861,0.0,1.2584572573622348
2012-08-07,0.09746721530592983,0.0,1.2959916360352872
2012-08-08,0.012155512738799196,0.0,1.2470524148122895
2012-08-09,0.0,0.0,1.1706849275969997
2012-08-10,0.053382532220143046,0.0,1.2024653857959233
2012-08-11,0.21472872029551526,0.0,1.4610284866773535
2012-08-12,0.10546131745121004,0.0,1.2270002837145895
2012-08-13,0.03943499123590212,0.0,1.2454377822934892
2012-08-14,0.12030968678928387,0.0,1.2248093530462854
2012-08-15,0.02871296621010753,0.0,1.136920202460763
2012-08-16,0.0019524135079013148,0.0,1.107121023570991
2012-08-17,0.05615980543390078,0.0,1.2174538676064914
2012-08-18,0.2103199673374757,0.0,1.437991303943425
2012-08-19,0.18798569275686283,0.0,1.4151789067116445
2012-08-20,0.020896435492648607,0.0,1.216700356403708
2012-08-21,0.0951676566422818,0.0,1.2321329217800998
2012-08-22,0.0,0.0,1.1468305776722347
2012-08-23,0.0,0.0,1.1785938145799781
2012-08-24,0.014974117108141359,0.0,1.2122953662251748
2012-08-25,0.16550205537856533,0.0,1.3009183468617327
2012-08-26,0.04648103954571853,0.0,1.2448161878427393
2012-08-27,0.0,0.0,1.1932586771336375
2012-08-28,0.04597023706770834,0.0,1.2408325979409573
2012-08-29,0.0,0.0,1.095852857913017
2012-08-30,0.0,0.0,1.0023796459477465
2012-08-31,0.0,0.0,1.1164384760332204
2012-09-01,0.12664127423228483,0.0,1.3819011769715916
2012-09-02,0.01283511223739293,0.0,1.2621236614426241
2012-09-03,1.1248489052199733,0.0,2.2303957245638246
2012-09-04,0.025162781138294954,0.0,1.1989124566958425
2012-09-05,0.0,0.0,1.1047355404373331
2012-09-06,0.0,0.0,1.1069773725836578
2012-09-07,0.0,0.0,1.1319093030275662
2012-09-08,0.13657908417981193,0.0,1.313323490582474
2012-09-09,0.03043364473387629,0.0,1.1639939629389653
2012-09-10,0.0,0.0,1.1842159658085676
2012-09-11,0.05672574786917761,0.0,1.2754824624618073
2012-09-12,0.0,0.0,1.0919595457820375
2012-09-13,0.0,0.0,1.18874337751136
2012-09-14,0.020580435430028216,0.0,1.3074707151947713
2012-09-15,0.18614712215532853,0.0,1.2764069527512094
2012-09-16,0.08173855570515083,0.0,1.2184574897394562
2012-09-17,0.021099601814164873,0.0,1.212553848804596
2012-09-18,0.10776952528055474,0.0,1.253445589052117
2012-09-19,0.022246708099621683,0.0,1.2693649410979504
2012-09-20,0.001703628792971975,0.0,1.1188306573070492
2012-09-21,0.0621337487884453,0.0,1.258454722272806
2012-09-22,0.22238316699970692,0.0,1.4646922389043486
2012-09-23,0.11177302111301211,0.0,1.328566765244936
2012-09-24,0.04419766329321792,0.0,1.2698462091745615
2012-09-25,0.12336329230739751,0.0,1.2596667684574736
2012-09-26,0.02994834703262675,0.0,1.1623927695574108
2012-09-27,0.0013138378632276439,0.0,1.2129869665409656
2012-09-28,0.05364538695097954,0.0,1.1622232519144413
2012-09-29,0.20597996852393724,0.0,1.3496722158626278
2012-09-30,0.08782345929966369,0.0,1.266955672601295
2012-10-01,0.013244156008197549,0.0,1.1039832854142604
2012-10-02,0.08610706557585152,0.0,1.2472981027400114
2012-10-03,0.0,0.0,1.125136437641681
2012-10-04,0.0,0.0,1.1112608560392256
2012-10-05,0.003586903857918846,0.0,1.2257245904404506
2012-10-06,0.15378918467094482,0.0,1.3260475812432135
2012-10-07,0.034652050796052596,0.0,1.1904117018645974
2012-10-08,0.126000502618234,0.0,1.3419897081273418
2012-10-09,0.03442918713010832,0.0,1.1121208506983657
2012-10-10,0.0,0.0,1.1236800706142447
2012-10-11,0.0,0.0,1.059064958340471
2012-10-12,0.0,0.0,1.1379131180067394
2012-10-13,0.11655012634338371,0.0,1.3120437864572656
2012-10-14,0.002978134617910872,0.0,1.1916776925278287
2012-10-15,0.0,0.0,1.1672050070754134
2012-10-16,0.015231470685393343,0.0,1.1361455363154607
2012-10-17,0.0,0.0,1.1898642174455907
2012-10-18,0.0,0.0,1.0850892567445647
2012-10-19,0.0,0.0,1.1426776139801222
2012-10-20,0.12312857709142362,0.0,1.3190362347893472
2012-10-21,0.015260153589575023,0.0,1.1576702518521125
2012-10-22,0.0,0.0,1.0742260396803998
2012-10-23,0.03711701354997974,0.0,1.1285628480912429
2012-10-24,0.0,0.0,1.0781747083427828
2012-10-25,0.0,0.0,1.0925255085441317
2012-10-26,0.2681297431818803,0.0,1.3970911361037774
2012-10-27,0.15485113086271815,0.0,1.3287719588904077
2012-10-28,0.047319022020997165,0.0,1.2441017571405457
2012-10-29,0.0,0.0,1.1937390121092546
2012-10-30,0.06747867859519008,0.0,1.2484025723582572
2012-10-31,0.0,0.0,0.8129913028711401
2012-11-01,0.0,0.0,1.0553758121100838
2012-11-02,0.015480585582836742,0.0,1.16800132544512
2012-11-03,0.17465654184856858,0.0,1.3404244930593268
2012-11-04,0.063646035304565,0.0,1.2394807868082067
2012-11-05,0.0,0.0,1.133467682678908
2012-11-06,0.07674389034830606,0.0,1.1884414370881917
2012-11-07,0.0,0.0,1.0982443541191054
2012-11-08,0.0,0.0,1.0927164442749002
2012-11-09,0.015766558176306743,0.0,1.165815472205355
2012-11-10,0.1728140265537212,0.0,1.3573808326527566
2012-11-11,0.7443666023677735,0.0,1.8532431962072369
2012-11-12,0.0,0.0,1.2181718545237443
2012-11-13,0.07215419657625982,0.0,1.2375573486061855
2012-11-14,0.0,0.0,1.112449077050405
2012-11-15,0.0,0.0,1.0378402369948816
2012-11-16,0.014440055878735647,0.0,1.2535326900628916
2012-11-17,0.1738434746429288,0.0,1.2868125745671675
2012-11-18,0.06417858022140788,0.0,1.2819698789318357
2012-11-19,0.0,0.0,1.183347340718915
2012-11-20,0.08320896636529321,0.0,1.178090889806337
2012-11-21,0.0,0.0,1.2610444376118923
2012-11-22,0.288554263496855,0.0,1.4760968918828672
2012-11-23,0.03799998535970355,0.0,1.2480696821062638
2012-11-24,0.20162562083073102,0.0,1.3083611670619277
2012-11-25,0.0960292772157303,0.0,1.2067881910688294
2012-11-26,0.03505959458317597,0.0,1.2372564773264592
2012-11-27,0.12234036855927694,0.0,1.1808180310793395
2012-11-28,0.03843362990647403,0.0,1.2484238035680733
2012-11-29,0.02055348186148552,0.0,1.1949336323240274
2012-11-30,0.08471235460701054,0.0,1.2304135201688018
2012-12-01,0.24975253900191027,0.0,1.3847107190062578
2012-12-02,0.14496896682534596,0.0,1.4172123523509184
2012-12-03,0.08448077403487214,0.0,1.190939530455247
2012-12-04,0.1716536371263897,0.0,1.3865816389941772
2012-12-05,0.08707946110469872,0.0,1.342103223586861
2012-12-06,0.06801622760021504,0.0,1.2856810596459936
2012-12-07,0.13053237447768812,0.0,1.3092974924207086
2012-12-08,0.2935361036409777,0.0,1.401308798302801
2012-12-09,0.18639566100186733,0.0,1.3437554826897657
2012-12-10,0.12303567817075234,0.0,1.389672682149557
2012-12-11,0.20717431435759856,0.0,1.3796435438662396
2012-12-12,0.11948255282598763,0.0,1.2176412868314463
2012-12-13,0.09729386923237453,0.0,1.2733701457568742
2012-12-14,0.15674607362664203,0.0,1.3141514577005937
2012-12-15,0.3168083371887606,0.0,1.4853155886089904
2012-12-16,0.0,0.0,0.9241028214470018
2012-12-17,0.14098296425718135,0.0,1.3061918336265088
2012-12-18,0.22280250614405422,0.0,1.3243741893533052
2012-12-19,0.13304115529219687,0.0,1.2592564702229059
2012-12-20,0.10903062020901146,0.0,1.263197147929142
2012-12-21,0.16689352062340507,0.0,1.2613840167309958
2012-12-22,0.32557127346222325,0.0,1.4714587462239734
2012-12-23,0.21444374361081792,0.0,1.3432312258545953
2012-12-24,0.14742576845551925,0.0,1.1845051317130069
2012-12-25,0.0,0.0,0.8682666156678077
2012-12-26,0.13740439739261376,0.0,1.2905880088062933
2012-12-27,0.1122914915322121,0.0,1.2616975024087447
2012-12-28,0.16892620172150685,0.0,1.4213661732601537
2012-12-29,0.32619005081920655,0.0,1.467128806353121
2012-12-30,0.21340881188153274,0.0,1.438794040263771
2012-12-31,0.14445159119737175,0.0,1.3014951208573327
2013-01-01,0.0,0.0,1.1612992681166632
2013-01-02,0.1295676033932766,0.0,1.2952131719156001
2013-01-03,0.10150088546537306,0.0,1.2612995533501468
2013-01-04,0.15483813491638687,0.0,1.2708855238579588
2013-01-05,0.3084843663127371,0.0,1.4250695005891385
2013-01-06,0.19180508919400646,0.0,1.4087983755782045
2013-01-07,0.0,0.0,0.8386716225223217
2013-01-08,0.19296736415506976,0.0,1.4337400792013386
2013-01-09,0.0952158141480933,0.0,1.2633168617968111
2013-01-10,0.06282590527930002,0.0,1.1896162635267566
2013-01-11,0.11196891839932142,0.0,1.2453894157919976
2013-01-12,0.261660367494876,0.0,1.4813857730078865
2013-01-13,0.14137941047341895,0.0,1.2831164462926747
2013-01-14,0.06516423037665854,0.0,1.3495350084021516
2013-01-15,0.1368481272718735,0.0,1.32856266914123
2013-01-16,0.03721767910321999,0.0,1.2666155385706273
2013-01-17,0.0037211951600132076,0.0,1.2441862938177688
2013-01-18,0.052609272887696165,0.0,1.2279402388032479
2013-01-19,0.2029604807718539,0.0,1.381370493099632
2013-01-20,0.08429829970144387,0.0,1.2306947723479287
2013-01-21,0.0,0.0,1.0781355447227554
2013-01-22,0.08595371016102636,0.0,1.3301668709763217
2013-01-23,0.0,0.0,1.1239633962118019
2013-01-24,0.0,0.0,1.1959306903163156
2013-01-25,0.01803988066238589,0.0,1.2011126449497354
2013-01-26,0.1754624817827869,0.0,1.3005333265067855
2013-01-27,0.06451912639644335,0.0,1.1689986560652654
2013-01-28,0.0,0.0,1.119829560290701
2013-01-29,0.08302239154931458,0.0,1.1731846995050585
2013-01-30,0.0,0.0,1.2561358994466443
2013-01-31,0.0,0.0,1.1318120553188975
2013-02-01,0.04157246580881896,0.0,1.1511422817606969
2013-02-02,0.20768009174500116,0.0,1.2782649669285913
2013-02-03,0.0,0.0,0.9819624121470543
2013-02-04,0.04719244390973225,0.0,1.1236353251493756
2013-02-05,0.13791052149476427,0.0,1.2953074033658514
2013-02-06,0.0575911546454956,0.0,1.2442298654038297
2013-02-07,0.043356870481886925,0.0,1.1887547660836872
2013-02-08,0.11112622999524369,0.0,1.3056732912524018
2013-02-09,0.27964700998596137,0.0,1.4855826628159654
2013-02-10,0.17812075348886708,0.0,1.402504302640514
2013-02-11,0.12030365962581839,0.0,1.3363687446598114
2013-02-12,0.2097484225600581,0.0,1.32408774001096
2013-02-13,0.0,0.0,0.9806803225065135
2013-02-14,0.19104594132892114,0.0,1.3328775240829553
2013-02-15,0.1723057694555777,0.0,1.3169403168674405
2013-02-16,0.3352931294029733,0.0,1.4583483710930791
2013-02-17,0.22744754809855638,0.0,1.4474856363143354
2013-02-18,0.0,0.0,1.0006664862709935
2013-02-19,0.24468945709361256,0.0,1.3933124354643687
2013-02-20,0.0,0.0,0.9985459490362963
2013-02-21,0.12849866932538476,0.0,1.2895542087384897
2013-02-22,0.18384153713250628,0.0,1.4476651345461748
2013-02-23,0.3392374566701392,0.0,1.4497015066949055
2013-02-24,0.03489706333091758,0.0,1.1958589779013489
2013-02-25,0.15273936415928938,0.0,1.2805882999861644
2013-02-26,0.22875286340509388,0.0,1.3736758224299301
2013-02-27,0.1330257805694979,0.0,1.3155621820767294
2013-02-28,0.10301672914053951,0.0,1.3393539958525995
2013-03-01,0.1549818410481292,0.0,1.2711953794474544
2013-03-02,0.30800000263550176,0.0,1.4472622827962005
2013-03-03,0.1915896857368721,0.0,1.3324190845288104
2013-03-04,0.11980254259976067,0.0,1.271130472641597
2013-03-05,0.196458559865334,0.0,1.3591940938339468
2013-03-06,0.10230415894386154,0.0,1.2561651707635824
2013-03-07,0.07472146874469551,0.0,1.234821422400838
2013-03-08,0.12987055699794137,0.0,1.2338458873397136
2013-03-09,0.2867175923510037,0.0,1.3602978893945972
2013-03-10,0.17465499459204414,0.0,1.3225179270553793
2013-03-11,0.10759864539587881,0.0,1.3197630827300646
2013-03-12,0.1892268511841772,0.0,1.3608309968021393
2013-03-13,0.10014233749330852,0.0,1.2365664748851979
2013-03-14,0.0775853916967467,0.0,1.2551440683879869
2013-03-15,0.13757983310104768,0.0,1.3218773735619325
2013-03-16,0.2989646803629259,0.0,1.4476357103286623
2013-03-17,0.0,0.0,1.1160419025854402
2013-03-18,0.12755427865396685,0.0,1.2062206622368694
2013-03-19,0.21217087697278858,0.0,1.375215504478645
2013-03-20,0.12540655904154308,0.0,1.359556851591554
2013-03-21,0.1044584030074687,0.0,1.2950211949726234
2013-03-22,0.16532781147118678,0.0,1.3816094732170452
2013-03-23,0.32685213208010616,0.0,1.5249030259471377
2013-03-24,0.21832734279568644,0.0,1.4054476691805635
2013-03-25,0.15360681982056185,0.0,1.3074117209221368
2013-03-26,0.23634085425838283,0.0,1.3886643346966958
2013-03-27,0.14713820072970465,0.0,1.306524621574056
2013-03-28,0.12327780751529023,0.0,1.2887874620743072
2013-03-29,0.18085246763515783,0.0,1.2322512545940385
2013-03-30,0.33879734676780726,0.0,1.5368635450112025
2013-03-31,0.047174724713666474,0.0,1.191414015481721
2013-04-01,0.15794321198395483,0.0,1.3397651105037875
2013-04-02,0.10465586544360456,0.0,1.3319651648063517
2013-04-03,0.1439206404581257,0.0,1.3030515631976192
2013-04-04,0.11656189749797505,0.0,1.2925220232823342
2013-04-05,0.17089983852382906,0.0,1.3534404172995462
2013-04-06,0.32592818247617544,0.0,1.5412813782872474
2013-04-07,0.21108784014687057,0.0,1.3118829880830745
2013-04-08,0.1403614626458129,0.0,1.266454917236321
2013-04-09,0.21750934577323544,0.0,1.3476070177785555
2013-04-10,0.12322807534362946,0.0,1.2291887006516873
2013-04-11,0.09486014200372683,0.0,1.2562249716211773
2013-04-12,0.1485363188843692,0.0,1.4186410182648272
2013-04-13,0.30320378552187316,0.0,1.489677656633991
2013-04-14,0.18824607023246048,0.0,1.3770845888147623
2013-04-15,0.11757990122633821,0.0,1.3768240981629007
2013-04-16,0.19489367828539983,0.0,1.3462544886075962
2013-04-17,0.10080886636097906,0.0,1.2618527499983803
2013-04-18,0.07259245087689543,0.0,1.2350250775997322
2013-04-19,0.12630215701675582,0.0,1.3486006678990805
2013-04-20,0.2808173258286019,0.0,1.4485630811048464
2013-04-21,0.16546143198140184,0.0,1.3216815705706986
2013-04-22,0.09410125197925148,0.0,1.3121360025667685
2013-04-23,0.17038732153195588,0.0,1.3054399081852692
2013-04-24,0.07491692085405594,0.0,1.1892244018537166
2013-04-25,0.04494767749588502,0.0,1.20255080567176
2013-04-26,0.09654345269827486,0.0,1.3125570440670455
2013-04-27,0.2486053827687659,0.0,1.4097610861020748
2013-04-28,0.1304940545192162,0.0,1.3635118640447685
2013-04-29,0.05612783345329611,0.0,1.1488742185489682
2013-04-30,0.1292220086089482,0.0,1.337430491046483
2013-05-01,0.030450032536285504,0.0,1.1862508109387335
2013-05-02,0.0,0.0,1.1569510062339226
2013-05-03,0.04549308893489436,0.0,1.1962518057344278
2013-05-04,0.19446193046224775,0.0,1.395855584675323
2013-05-05,0.0,0.0,0.893196343093019
2013-05-06,0.0,0.0,1.1566386663407924
2013-05-07,0.06775428725712641,0.0,1.1790470062561125
2013-05-08,0.0,0.0,1.0985010492360168
2013-05-09,0.0,0.0,1.0548073683631887
2013-05-10,0.0,0.0,1.0830091526103571
2013-05-11,0.1309397038027467,0.0,1.2029857088733382
2013-05-12,0.10047903027857902,0.0,1.3541725442419144
2013-05-13,0.0,0.0,1.0880039046339693
2013-05-14,0.010333975900967712,0.0,1.2619614990575518
2013-05-15,0.0,0.0,1.1537350014971397
2013-05-16,0.0,0.0,1.1158301075794148
2013-05-17,0.0,0.0,1.1330519748016077
2013-05-18,0.09171458985628587,0.0,1.3319600214450436
2013-05-19,0.0,0.0,1.1339810336433247
2013-05-20,0.0,0.0,1.1008711188376028
2013-05-21,0.0,0.0,1.1967837337695522
2013-05-22,0.0,0.0,1.0548210854609976
2013-05-23,0.0,0.0,1.055965378129949
2013-05-24,0.0,0.0,1.1610572840720974
2013-05-25,0.09916944797564084,0.0,1.270774266884159
2013-05-26,0.0,0.0,1.183462361734669
2013-05-27,0.0,0.0,1.1118054202009486
2013-05-28,0.01613087978884023,0.0,1.1839487369251653
2013-05-29,0.0,0.0,1.0203182010499243
2013-05-30,0.0,0.0,1.0089698392840565
2013-05-31,0.0,0.0,1.0946458975092883
2013-06-01,0.14244309136767278,0.0,1.3021244394900302
2013-06-02,0.03803052755403322,0.0,1.0902591397921402
2013-06-03,0.0,0.0,1.223806278676747
2013-06-04,0.065645478630392,0.0,1.2766098722975598
2013-06-05,0.0,0.0,1.1697499377880949
2013-06-06,0.08525993838527413,0.0,1.2092395864395606
2013-06-07,0.02767724195218149,0.0,1.2199094959051746
2013-06-08,0.1921815078378899,0.0,1.3416737670194683
2013-06-09,0.08675849745077464,0.0,1.2027356488578023
2013-06-10,0.02532811265001994,0.0,1.1151806836301565
2013-06-11,0.1116037927242981,0.0,1.299801785673299
2013-06-12,0.026251856243374394,0.0,1.1760825325531827
2013-06-13,0.00660123740158941,0.0,1.0699324895299427
2013-06-14,0.06878541482611059,0.0,1.2731826946121654
2013-06-15,0.23176953914547777,0.0,1.344689580760324
2013-06-16,0.4905253117587001,0.0,1.6881332129612263
2013-06-17,0.06234368128657822,0.0,1.1353751774263525
2013-06-18,0.1476353798088555,0.0,1.3497137691208563
2013-06-19,0.06152528222443926,0.0,1.287379285536411
2013-06-20,0.20575105454565376,0.0,1.3919187318466049
2013-06-21,0.10321480547640408,0.0,1.1976141154192013
2013-06-22,0.2660793491051101,0.0,1.3839228820226743
2013-06-23,0.15931949822725316,0.0,1.2863038942336846
2013-06-24,0.0968527182718678,0.0,1.1663142247790323
2013-06-25,0.18237033511895184,0.0,1.3850314737194513
2013-06-26,0.09649846069283327,0.0,1.3064683441897302
2013-06-27,0.07650995906995589,0.0,1.2992791799883074
2013-06-28,0.13846917304827344,0.0,1.3755779841404914
2013-06-29,0.30126232075287906,0.0,1.4668405057594003
2013-06-30,0.1942195623408666,0.0,1.4780433594490239
2013-07-01,0.13121375877414548,0.0,1.3203833826349765
2013-07-02,0.21590057205838795,0.0,1.3790343965865344
2013-07-03,0.12888115359308971,0.0,1.257791498728249
2013-07-04,0.4724066200918639,0.0,1.6858319696300466
2013-07-05,0.16756824981966564,0.0,1.3138582121897975
2013-07-06,0.3282394743117915,0.0,1.48678935529944
2013-07-07,0.21878696539164405,0.0,1.4066416431426705
2013-07-08,0.1531245042979293,0.0,1.321032957976663
2013-07-09,0.6154454327253194,0.0,1.7708975283140074
2013-07-10,0.14496223836039376,0.0,1.3431661914038415
2013-07-11,0.12046165038091829,0.0,1.3387464578505524
2013-07-12,0.17760471273455236,0.0,1.289414146779259
2013-07-13,0.3353770181334659,0.0,1.539008965715874
2013-07-14,0.22322380120063665,0.0,1.3552556639932727
2013-07-15,0.1551454349022042,0.0,1.2737917502974014
2013-07-16,0.23493372363724632,0.0,1.4258759977758382
2013-07-17,0.1433303527029457,0.0,1.3516594583390975
2013-07-18,0.11773571750008861,0.0,1.2323004898016618
2013-07-19,0.17434994109462373,0.0,1.3718131204765889
2013-07-20,0.3321990989370581,0.0,1.5043343126206725
2013-07-21,0.2207527773984126,0.0,1.3072596867276753
2013-07-22,0.15401812833974937,0.0,1.3234368973982287
2013-07-23,0.23577521877773852,0.0,1.425409366579476
2013-07-24,0.14673507681508785,0.0,1.3033709069424282
2013-07-25,0.12424868290813865,0.0,1.2371231671721699
2013-07-26,0.18444872407623636,0.0,1.2819771147942545
2013-07-27,0.34627712156753027,0.0,1.4951157619966804
2013-07-28,0.23910443309775462,0.0,1.407867958996626
2013-07-29,0.17682624958366636,0.0,1.3354267089521308
2013-07-30,0.2631013273813764,0.0,1.5132761852308503
2013-07-31,0.1785127849327405,0.0,1.288245398187467
2013-08-01,0.16028052830461875,0.0,1.2622518516578691
2013-08-02,0.22440662867603112,0.0,1.4143108318315543
2013-08-03,0.3897065604263483,0.0,1.5258631825987252
2013-08-04,0.28543229449102137,0.0,1.4974917857639973
2013-08-05,0.22537226007950398,0.0,1.3287369975238421
2013-08-06,0.3130928083067182,0.0,1.5044272912818797
2013-08-07,0.22910240731167159,0.0,1.3720150012998948
2013-08-08,0.30466197955503704,0.0,1.5380241132022063
2013-08-09,0.2734556422421188,0.0,1.3673878104344217
2013-08-10,0.43657683057044727,0.0,1.4861416309185866
2013-08-11,0.32919884512331415,0.0,1.5586016305175958
2013-08-12,0.2651516994223074,0.0,1.4462377682647194
2013-08-13,0.34806774501537013,0.0,1.5005374008890053
2013-08-14,0.2585446835192433,0.0,1.486781251926345
2013-08-15,0.23385871800953179,0.0,1.3825958345034945
2013-08-16,0.2901095245484713,0.0,1.425950094900221
2013-08-17,0.44624994170938204,0.0,1.6343589251525805
2013-08-18,0.3317063943420869,0.0,1.474939556535385
2013-08-19,0.2604751172992735,0.0,1.5528325004902426
2013-08-20,0.33635889864341983,0.0,1.5030864117257192
2013-08-21,0.24012568356552672,0.0,1.3713520866950828
2013-08-22,0.20921724982601397,0.0,1.4811058644116883
2013-08-23,0.2598897572690875,0.0,1.4262860825917199
2013-08-24,0.41123919097521777,0.0,1.562023286187173
2013-08-25,0.29281783251468274,0.0,1.3832978428683502
2013-08-26,0.2187269364113288,0.0,1.3674404733643806
2013-08-27,0.2928504327053052,0.0,1.4462833842507594
2013-08-28,0.19601108526185357,0.0,1.3520023769839153
2013-08-29,0.16567738953535152,0.0,1.2008786301015013
2013-08-30,0.2181030675287128,0.0,1.3746789582804158
2013-08-31,0.3723522153479606,0.0,1.5468693726686025
2013-09-01,0.25791625311405875,0.0,1.5222051281286748
2013-09-02,1.3692260485676169,0.16136238939129183,2.6116930880985896
2013-09-03,0.2687966083873828,0.0,1.4440867701667843
2013-09-04,0.17856791954172646,0.0,1.4012762114386972
2013-09-05,0.1554331577599839,0.0,1.323797195616703
2013-09-06,0.21547303668947784,0.0,1.3932346653212273
2013-09-07,0.3775670536304168,0.0,1.5373140800027738
2013-09-08,0.27101506945572396,0.0,1.3762750075420334
2013-09-09,0.20963607226215175,0.0,1.3286394724627077
2013-09-10,0.2970087906976821,0.0,1.4281312201236618
2013-09-11,0.21363540839293402,0.0,1.3757997266803774
2013-09-12,0.1966564664997373,0.0,1.3614457330159522
2013-09-13,0.26199860220490717,0.0,1.4438420781036196
2013-09-14,0.4284079612598556,0.0,1.5918279293750752
2013-09-15,0.32507521541992246,0.0,1.509672713046263
2013-09-16,0.2657371416970883,0.0,1.457488719483127
2013-09-17,0.3539193534036278,0.0,1.4988245326943488
2013-09-18,0.27010137721254845,0.0,1.4502408256044346
2013-09-19,0.25143212643124124,0.0,1.4210780463816357
2013-09-20,0.3138774029436964,0.0,1.5026658495752137
2013-09-21,0.47625227231035266,0.0,1.6447810153360927
2013-09-22,0.36784427104570755,0.0,1.4893484077114538
2013-09-23,0.3025124520086726,0.0,1.476278301971741
2013-09-24,0.3839269264760159,0.0,1.595542696742438
2013-09-25,0.292730183368848,0.0,1.5036973689615991
2013-09-26,0.2662483373470562,0.0,1.4635207188951072
2013-09-27,0.3206340521988075,0.0,1.5059553193300117
2013-09-28,0.4748941072967029,0.0,1.6255133792065701
2013-09-29,0.35850769530669735,0.0,1.5096389768252862
2013-09-30,0.285520588589258,0.0,1.4654475118807295
2013-10-01,0.35977996304996024,0.0,1.4910409744691362
2013-10-02,0.26209128522792624,0.0,1.4428086112352883
2013-10-03,0.22992553131178806,0.0,1.3776288742979388
2013-10-04,0.2795585899883312,0.0,1.4999183847127298
2013-10-05,0.43009590069158876,0.0,1.6191006138777386
2013-10-06,0.31108852601494813,0.0,1.5366157309760038
2013-10-07,0.23662577846034424,0.0,1.5257459499051713
2013-10-08,0.31056929809383116,0.0,1.3709987476059575
2013-10-09,0.21370996457023153,0.0,1.3572957324023653
2013-10-10,0.1834759120675561,0.0,1.308249647000859
2013-10-11,0.23607347053557315,0.0,1.3982180532322515
2013-10-12,0.39051404341621637,0.0,1.6223239237222529
2013-10-13,0.2762330168831888,0.0,1.4071222629993332
2013-10-14,0.37293534435124953,0.0,1.5342420142484159
2013-10-15,0.5628080968225233,0.0,1.7307387183233096
2013-10-16,0.1965653540963833,0.0,1.2725884775720158
2013-10-17,0.1728883651022409,0.0,1.3216566708759536
2013-10-18,0.23209555281471825,0.0,1.4597550035901976
2013-10-19,0.3930358645509283,0.0,1.607950145314105
2013-10-20,0.28498967539241454,0.0,1.5343706208744663
2013-10-21,0.22176887167630782,0.0,1.2820159494392378
2013-10-22,0.30695842202473456,0.0,1.403956690176039
2013-10-23,0.22108064954418807,0.0,1.3933502946869387
2013-10-24,0.20131026636092658,0.0,1.4077772299102167
2013-10-25,0.26362180536512914,0.0,1.4328248977691966
2013-10-26,0.42682228757467716,0.0,1.6983666725246036
2013-10-27,0.3201750698668624,0.0,1.4706040476788198
2013-10-28,0.25749985700845707,0.0,1.3521430040359144
2013-10-29,0.3424135074784161,0.0,1.5332943256138076
2013-10-30,0.25549287824212996,0.0,1.4583408393742137
2013-10-31,0.0,0.0,1.1178769305221208
2013-11-01,0.29396602139278055,0.0,1.5099984332797176
2013-11-02,0.4543426313617161,0.0,1.6939556504437285
2013-11-03,0.34450068247941035,0.0,1.501932756124351
2013-11-04,0.27838741785909105,0.0,1.483035006615528
2013-11-05,0.3597512512006594,0.0,1.5086134807249865
2013-11-06,0.26930072080179607,0.0,1.4145305859035537
2013-11-07,0.2444136605680096,0.0,1.388791984591933
2013-11-08,0.3012783985952707,0.0,1.4856423317027794
2013-11-09,0.4589200056319082,0.0,1.6871437037799393
2013-11-10,0.34681772482768397,0.0,1.5176072924391875
2013-11-11,0.9631185007676413,0.0,2.245988411579118
2013-11-12,0.35927316339223087,0.0,1.48545715124054
2013-11-13,0.268391425150777,0.0,1.46944433671581
2013-11-14,0.24375269812710898,0.0,1.436240260749339
2013-11-15,0.3015458068236099,0.0,1.433061972140432
2013-11-16,0.4607758656210582,0.0,1.6790952619618946
2013-11-17,0.3508826809491128,0.0,1.4632608690976074
2013-11-18,0.2858360575213113,0.0,1.4226123352002789
2013-11-19,0.36937275968310224,0.0,1.5284490605425212
2013-11-20,0.28215646753173124,0.0,1.466739603142833
2013-11-21,0.26148890393993157,0.0,1.4301471304742832
2013-11-22,0.3234538681746182,0.0,1.4328327653785282
2013-11-23,0.48694709853398327,0.0,1.688180003987092
2013-11-24,0.38129797382783986,0.0,1.6000846936151543
2013-11-25,0.3203680822616424,0.0,1.3999627031643842
2013-11-26,0.4077913104468863,0.0,1.570988682481748
2013-11-27,0.32413669929520394,0.0,1.5272108972950895
2013-11-28,0.6193379431836131,0.0,1.7702258554629202
2013-11-29,0.3712606990030929,0.0,1.6184384963077938
2013-11-30,0.5368920512519784,0.0,1.6809042165918975
2013-12-01,0.4328056212845078,0.0,1.5873533541567606
2013-12-02,0.3728397934114595,0.0,1.404886204419914
2013-12-03,0.4606222113724954,0.0,1.5722256474276182
2013-12-04,0.3767322896575674,0.0,1.5636451460780458
2013-12-05,0.0,0.0,1.2497609245564205
2013-12-06,0.4214926108273012,0.0,1.5625447641444115
2013-12-07,0.585203543478489,0.0,1.7333670487305801
2013-12-08,0.4787856911665051,0.0,1.6757570218021367
2013-12-09,0.41614914784155976,0.0,1.6282912278696542
2013-12-10,0.5009986654627576,0.0,1.6142741075597913
2013-12-11,0.4139933921202583,0.0,1.5917718719169491
2013-12-12,0.3924569205975197,0.0,1.5203392191188674
2013-12-13,0.4525194368956665,0.0,1.6635930546166997
2013-12-14,0.6131449699359817,0.0,1.7745086493668685
2013-12-15,0.503749853302222,0.0,1.678753122626878
2013-12-16,0.43829754745060834,0.0,1.6800237460495515
2013-12-17,0.5205346098722115,0.0,1.594337762387416
2013-12-18,0.4311492051727045,0.0,1.7277729222948444
2013-12-19,0.4074803974600363,0.0,1.4871540400511871
2013-12-20,0.46566003854741217,0.0,1.5772374097110462
2013-12-21,0.6246402610703644,0.0,1.6945884086460845
2013-12-22,0.5138126788866614,0.0,1.6304515981943422
2013-12-23,0.44710441859225525,0.0,1.5833864642586826
2013-12-24,0.5282157296918757,0.0,1.6519172234305979
2013-12-25,0.0,0.0,1.0720463271816003
2013-12-26,0.4130779313986859,0.0,1.6288080793707596
2013-12-27,0.47017687483807435,0.0,1.648634739888226
2013-12-28,0.6279661449799228,0.0,1.756833743407916
2013-12-29,0.5157764303888658,0.0,1.6971138867285975
2013-12-30,0.44747906801321324,0.0,1.6496532036066296
2013-12-31,0.5267262577800109,0.0,1.7356707720996565
2014-01-01,0.16650684230246274,0.0,1.2962843580580947
2014-01-02,0.4068956894183093,0.0,1.4955510648028167
2014-01-03,0.4611285047018576,0.0,1.7230621595928926
2014-01-04,0.6157046597520227,0.0,1.7658103416337783
2014-01-05,0.49997427311415255,0.0,1.6107801904845154
2014-01-06,0.4278443743942568,0.0,1.6558448381097883
2014-01-07,0.04087669219669737,0.0,1.1689078149307452
2014-01-08,0.4061604969007332,0.0,1.5800616465779382
2014-01-09,0.3746034553101708,0.0,1.5652915144865696
2014-01-10,0.42449744037774295,0.0,1.6764896394295268
2014-01-11,0.5748369537866186,0.0,1.67977336508115
2014-01-12,0.4550813348911718,0.0,1.6704472145793454
2014-01-13,0.37925077615243236,0.0,1.5032291685615955
2014-01-14,0.4511630160930935,0.0,1.6369097431441988
2014-01-15,0.35159204951215556,0.0,1.550754103876419
2014-01-16,0.31797706134767856,0.0,1.4734510696100427
2014-01-17,0.3665633794136498,0.0,1.6284254718931155
2014-01-18,0.51642845550553,0.0,1.629797737195374
2014-01-19,0.3970989967135507,0.0,1.6224945457658042
2014-01-20,0.20073726409681159,0.0,1.4000186458405581
2014-01-21,0.3969113576631824,0.0,1.5457110034891628
2014-01-22,0.3006808536506974,0.0,1.470376831507825
2014-01-23,0.2713761329062212,0.0,1.416030716664733
2014-01-24,0.32520316229911245,0.0,1.4815346279484165
2014-01-25,0.48117680832772836,0.0,1.6868202324229815
2014-01-26,0.3687387964685716,0.0,1.4900102518215999
2014-01-27,0.3018526118390499,0.0,1.4239446061670016
2014-01-28,0.3842401153823368,0.0,1.566667167805154
2014-01-29,0.2965412394078283,0.0,1.4321959626813585
2014-01-30,0.27602496286551154,0.0,1.3890845966405585
2014-01-31,0.33873332534847106,0.0,1.507990749105545
2014-02-01,0.5035114235801609,0.0,1.6722605378097695
2014-02-02,0.06678405361009015,0.0,1.241858880798917
2014-02-03,0.340881596791237,0.0,1.4929390401740075
2014-02-04,0.4307219762767101,0.0,1.6052328326897272
2014-02-05,0.34974356434311865,0.0,1.5981483975741881
2014-02-06,0.3350776471984842,0.0,1.4752310253544554
2014-02-07,0.4026464743415543,0.0,1.5706987515801236
2014-02-08,0.5711963302604061,0.0,1.8128736426209584
2014-02-09,0.4699221067397602,0.0,1.605521928965331
2014-02-10,0.4125683466175503,0.0,1.581568349585042
2014-02-11,0.5026713649595836,0.0,1.6912946553291368
2014-02-12,0.42072365950443164,0.0,1.5449660700936907
2014-02-13,0.40388867939656686,0.0,1.4939420175850497
2014-02-14,0.5500424842117414,0.0,1.816663147859647
2014-02-15,0.6323309975437676,0.0,1.7716915930343038
2014-02-16,0.5257413136635264,0.0,1.6856429254513823
2014-02-17,0.08732751693188928,0.0,1.2769348885847551
2014-02-18,0.5455428450044184,0.0,1.727181016793529
2014-02-19,0.45626794709785373,0.0,1.5845292572119758
2014-02-20,0.43175933770642433,0.0,1.557217170342279
2014-02-21,0.4881731484365316,0.0,1.6199222878062773
2014-02-22,0.6445162192100471,0.0,1.8162361823953306
2014-02-23,0.5302642675513022,0.0,1.787090071986812
2014-02-24,0.4594560408155782,0.0,1.6150557824457448
2014-02-25,0.5359282393625775,0.0,1.7355809262578377
2014-02-26,0.4404726125834194,0.0,1.5912318856766812
2014-02-27,0.41054348952618613,0.0,1.5805162349719075
2014-02-28,0.46239758624706895,0.0,1.6194150472557116
2014-03-01,0.615119136349839,0.0,1.8372886178652454
2014-03-02,0.4982364925035239,0.0,1.6499880560829785
2014-03-03,0.42581537529432734,0.0,1.6009972720828722
2014-03-04,0.5016935753997998,0.0,1.6386727262947725
2014-03-05,0.06959118004155257,0.0,1.1578665411917506
2014-03-06,0.37805587574622107,0.0,1.5539335892619137
2014-03-07,0.4321312016639283,0.0,1.6409420178424705
2014-03-08,0.5878572951164625,0.0,1.7633916420654137
2014-03-09,0.47465365705510737,0.0,1.5582358354593429
2014-03-10,0.4064629604873916,0.0,1.5376084775459902
2014-03-11,0.48698930378685246,0.0,1.704540885473506
2014-03-12,0.05452197776314399,0.0,1.2629652362875046
2014-03-13,0.373335801375586,0.0,1.6031108644854546
2014-03-14,0.43246096122214805,0.0,1.4797427413192876
2014-03-15,0.593089838496049,0.0,1.7285889928325324
2014-03-16,0.29522485733296083,0.0,1.4351761840620962
2014-03-17,0.2139467809792455,0.0,1.2353876093151448
2014-03-18,0.5048109909201475,0.0,1.6922715853782537
2014-03-19,0.41782752330793554,0.0,1.5418361047195779
2014-03-20,0.3967958872984286,0.0,1.639397290771923
2014-03-21,0.45771060604122993,0.0,1.6447151023685926
2014-03-22,0.619398866611374,0.0,1.7240642313159196
2014-03-23,0.5111436130468671,0.0,1.602619075327592
2014-03-24,0.44678279689159617,0.0,1.6565010332110695
2014-03-25,0.529949435683348,0.0,1.6539699891843946
2014-03-26,0.44123374546058997,0.0,1.6385838645148232
2014-03-27,0.41789547865374305,0.0,1.5964011543522632
2014-03-28,0.4760081880939099,0.0,1.5963726251464585
2014-03-29,0.6344883544580181,0.0,1.7788608452197072
2014-03-30,0.5227154308808762,0.0,1.6964278288847643
2014-03-31,0.4546279045141718,0.0,1.6273220968458548
2014-04-01,0.5339601238132239,0.0,1.6561557090766001
2014-04-02,0.44140125591665963,0.0,1.5758735078598314
2014-04-03,0.414304600907565,0.0,1.681708878309189
2014-04-04,0.4688290733283632,0.0,1.699366448078224
2014-04-05,0.6239658695787815,0.0,1.7717837218743993
2014-04-06,0.5091433544803652,0.0,1.7693771087159849
2014-04-07,0.43836077980660987,0.0,1.6711481298946511
2014-04-08,0.5153847167595126,0.0,1.7683582198659225
2014-04-09,0.42092050503943906,0.0,1.654633282255874
2014-04-10,0.3923215018587469,0.0,1.5591252231315977
2014-04-11,0.44573102756860145,0.0,1.6154753523606318
2014-04-12,0.600110005574815,0.0,1.8441603335602312
2014-04-13,0.4848563844880597,0.0,1.6476403041899257
2014-04-14,0.4139014495510367,0.0,1.591910592133612
2014-04-15,0.4909477524444316,0.0,1.7039983579572788
2014-04-16,0.39662997806100964,0.0,1.5248675680303454
2014-04-17,0.36822690471898256,0.0,1.6356925883078086
2014-04-18,0.4218061757171018,0.0,1.5227100229790032
2014-04-19,0.5762547891557641,0.0,1.741210753103401
2014-04-20,0.12861737299789772,0.0,1.3871321514617885
2014-04-21,0.3896147739889199,0.0,1.6107701085570334
2014-04-22,0.3338541713561679,0.0,1.5890787539236533
2014-04-23,0.3707858434404505,0.0,1.5503266919020375
2014-04-24,0.3410881233271339,0.0,1.5824452157236135
2014-04-25,0.39300641293697736,0.0,1.4961746344213427
2014-04-26,0.5454299376300537,0.0,1.7855694271203133
2014-04-27,0.4277051481416982,0.0,1.5849658990692843
2014-04-28,0.3537344437648319,0.0,1.5056229770668483
2014-04-29,0.42721577367582036,0.0,1.590978237547496
2014-04-30,0.3288043809877751,0.0,1.4826903354983667
2014-05-01,0.2958248167852008,0.0,1.4024405148304016
2014-05-02,0.34441493840274984,0.0,1.5189664282831057
2014-05-03,0.49355482084654967,0.0,1.7648852305098734
2014-05-04,0.3726866251818385,0.0,1.5356120214724265
2014-05-05,0.17124379271375373,0.0,1.367261459431484
2014-05-06,0.36672134225342307,0.0,1.4859589418258146
2014-05-07,0.26616750331936695,0.0,1.50780375908216
2014-05-08,0.23156010094846638,0.0,1.3918253879009366
2014-05-09,0.27911429230783774,0.0,1.4771371462651228
2014-05-10,0.427875784804469,0.0,1.7011599165521951
2014-05-11,0.39655288775709235,0.0,1.5819665954146955
2014-05-12,0.23153934492637776,0.0,1.302693667985013
2014-05-13,0.30429251199704743,0.0,1.4893244543941975
2014-05-14,0.206348645427339,0.0,1.464530802402201
2014-05-15,0.17510316756111233,0.0,1.377390214057528
2014-05-16,0.22673794231817396,0.0,1.4203332116169567
2014-05-17,0.38024848999543936,0.0,1.5129325078891604
2014-05-18,0.26506296196336,0.0,1.4676783263952706
2014-05-19,0.1951379918635502,0.0,1.3468816994669952
2014-05-20,0.2741961634054249,0.0,1.4411653038682428
2014-05-21,0.18288642538873612,0.0,1.342275280731528
2014-05-22,0.15849562313734933,0.0,1.3623243214272844
2014-05-23,0.21709287719987702,0.0,1.3843348014965657
2014-05-24,0.3775597290297375,0.0,1.493833683816406
2014-05-25,0.26921206280810317,0.0,1.426854412001185
2014-05-26,0.19595044373804876,0.0,1.3029948832579874
2014-05-27,0.2912422550865069,0.0,1.5641725260375634
2014-05-28,0.20580070582007737,0.0,1.397632770797641
2014-05-29,0.18678243864082322,0.0,1.2310725810177918
2014-05-30,0.25019177450304225,0.0,1.4743435083644167
2014-05-31,0.4148606419830693,0.0,1.563707487809691
2014-06-01,0.3100714363014302,0.0,1.5284086314392338
2014-06-02,0.24965620354740348,0.0,1.399766058795374
2014-06-03,0.33723679684917085,0.0,1.5242148306917738
2014-06-04,0.25338726182196725,0.0,1.4845827217613663
2014-06-05,0.35672433432680783,0.0,1.4733964063699985
2014-06-06,0.29910068198514417,0.0,1.4103440875602737
2014-06-07,0.4636004558445297,0.0,1.565335174076678
2014-06-08,0.3581942382378832,0.0,1.4673735155442686
2014-06-09,0.29678740618596017,0.0,1.487841104114149
2014-06-10,0.38307998360805273,0.0,1.566429654307858
2014-06-11,0.2977263929105647,0.0,1.5316877663606905
2014-06-12,0.2780455428273602,0.0,1.4619677487239502
2014-06-13,0.3401630396106793,0.0,1.4613454814535844
2014-06-14,0.5030385192551687,0.0,1.6654171414616374
2014-06-15,0.9260474820567486,0.0,2.015383256826477
2014-06-16,0.33325984757388827,0.0,1.500369933115684
2014-06-17,0.4183087864593826,0.0,1.5706080320699622
2014-06-18,0.331916589715851,0.0,1.4365488309057344
2014-06-19,0.311420436142435,0.0,1.4005870216680345
2014-06-20,0.3729510899059089,0.0,1.5370403319030579
2014-06-21,0.5354604560135212,0.0,1.6598721205544846
2014-06-22,0.42834081522372575,0.0,1.5517432708401937
2014-06-23,0.36552085708270277,0.0,1.5374751941203317
2014-06-24,0.4507032543405502,0.0,1.6740712315867412
2014-06-25,0.364525113420363,0.0,1.5527391177341845
2014-06-26,0.34426947473551345,0.0,1.4203608688521772
2014-06-27,0.40600959866771885,0.0,1.5194890788099924
2014-06-28,0.5686389619345182,0.0,1.6283115475258274
2014-06-29,0.8419773283500398,0.0,1.9717598976628155
2014-06-30,0.3984474782590459,0.0,1.4816913986318698
2014-07-01,0.48315860628548507,0.0,1.6046823848277687
2014-07-02,0.39622539190332917,0.0,1.4720511002173733
2014-07-03,0.3749030924967123,0.0,1.6163582561545617
2014-07-04,0.8002400839942939,0.0,1.9880341244447077
2014-07-05,0.5961534336645176,0.0,1.8216681921403033
2014-07-06,0.4869623313148454,0.0,1.595115652417557
2014-07-07,0.4215757092935671,0.0,1.4754753568095846
2014-07-08,0.503687371936966,0.0,1.6037724731414724
2014-07-09,0.4139466854682934,0.0,1.6646311549931596
2014-07-10,0.38967068009907785,0.0,1.6045892435467066
2014-07-11,0.44698816172739886,0.0,1.5299522562966636
2014-07-12,0.6048687494925722,0.0,1.834820829380279
2014-07-13,0.49274287018056334,0.0,1.7250349099754763
2014-07-14,0.424597785970016,0.0,1.5074507587154096
2014-07-15,0.504214381539762,0.0,1.6770362255320062
2014-07-16,0.41232605378477566,0.0,1.630690182725605
2014-07-17,0.386327912396694,0.0,1.6004611916625178
2014-07-18,0.44241808668344446,0.0,1.595317746102922
2014-07-19,0.599624146470254,0.0,1.9177510513216958
2014-07-20,0.48742075544362934,0.0,1.6874635606917465
2014-07-21,0.4198237138014315,0.0,1.5951568170613009
2014-07-22,0.500625187071358,0.0,1.5958084938324466
2014-07-23,0.4105515233207457,0.0,1.6004076372479157
2014-07-24,0.386971912184608,0.0,1.5529625515263425
2014-07-25,0.44603971084041244,0.0,1.6473207165988255
2014-07-26,0.6067194580071775,0.0,1.7041553560454943
2014-07-27,0.4984056903871142,0.0,1.650252776940249
2014-07-28,0.4350186971546677,0.0,1.6258898127272192
2014-07-29,0.6143373111701725,0.0,1.7707587699894625
2014-07-30,0.4346827049118277,0.0,1.544745143649409
2014-07-31,0.41558351567002216,0.0,1.5886982076253038
2014-08-01,0.47896714342039287,0.0,1.6978932468980152
2014-08-02,0.6436670501640156,0.0,1.818026636523901
2014-08-03,0.5389499348457726,0.0,1.6476096580693043
2014-08-04,0.4786151940013769,0.0,1.5394360273036756
2014-08-05,0.566235979210727,0.0,1.7688124601696094
2014-08-06,0.48228818132524875,0.0,1.5899407635621623
2014-08-07,0.4639699807813966,0.0,1.6971018805399471
2014-08-08,0.5272444977098162,0.0,1.7366312046360501
2014-08-09,0.6909074998859865,0.0,1.9676724306957925
2014-08-10,0.58421155290682,0.0,1.8317354826817944
2014-08-11,0.5209664966339137,0.0,1.7140887027671496
2014-08-12,0.6047808582613579,0.0,1.7991398766935809
2014-08-13,0.5162254209224605,0.0,1.7419825764760308
2014-08-14,0.49254702651845467,0.0,1.6871412051429242
2014-08-15,0.5498142769928349,0.0,1.7358997566840881
2014-08-16,0.7069480129226214,0.0,1.8654511215281546
2014-08-17,0.5933425647819491,0.0,1.8054308169983038
2014-08-18,0.5229628203604788,0.0,1.6655459301350843
2014-08-19,0.599581804922978,0.0,1.7598502531117817
2014-08-20,0.503940092291976,0.0,1.6584705366209482
2014-08-21,0.47345523521631583,0.0,1.6444104806536526
2014-08-22,0.5243629963090641,0.0,1.7259365271950906
2014-08-23,0.6757433796732221,0.0,1.8174558867944157
2014-08-24,0.5571375806028196,0.0,1.6142391796360556
2014-08-25,0.4826410162610101,0.0,1.6938309635807534
2014-08-26,0.5561372473168965,0.0,1.6943717688872666
2014-08-27,0.45845421288658117,0.0,1.6529605307070034
2014-08-28,0.42707105905347476,0.0,1.5247196678535753
2014-08-29,0.4782574192476144,0.0,1.7185733610649299
2014-08-30,0.6310982063956565,0.0,1.779471378743375
2014-08-31,0.5151100750348704,0.0,1.6541076247146567
2014-09-01,1.6247529367999758,0.506108307318506,2.9316291760031783
2014-09-02,0.522573938777871,0.0,1.6835720715993359
2014-09-03,0.4305475054584179,0.0,1.6881752278447195
2014-09-04,0.40560268224065443,0.0,1.5847057286123845
2014-09-05,0.46385657684394355,0.0,1.6495787385322507
2014-09-06,0.6242246785567407,0.0,1.8409107709495713
2014-09-07,0.5160415176028393,0.0,1.6725978863069904
2014-09-08,0.4531585387765329,0.0,1.6211092573048487
2014-09-09,0.5391838791564012,0.0,1.6786511660468115
2014-09-10,0.45464532379314837,0.0,1.671044778899024
2014-09-11,0.43670454681900106,0.0,1.6060086061618275
2014-09-12,0.5013043036942572,0.0,1.7217914242561017
2014-09-13,0.6672014274043032,0.0,1.823526005170953
2014-09-14,0.5635915707523963,0.0,1.736489944580697
2014-09-15,0.5042106591164464,0.0,1.6769295912124083
2014-09-16,0.5925776470568231,0.0,1.82177926422949
2014-09-17,0.5091597723184155,0.0,1.7537436397636448
2014-09-18,0.491088352611079,0.0,1.737513653823784
2014-09-19,0.5543067488575774,0.0,1.7383324688122943
2014-09-20,0.7176033268955956,0.0,1.888349738723323
2014-09-21,0.6102353607590241,0.0,1.8454426736992424
2014-09-22,0.5460288646547224,0.0,1.6887774824022468
2014-09-23,0.6286189909397882,0.0,1.6961006303529695
2014-09-24,0.5386122514965741,0.0,1.7637040612291037
2014-09-25,0.5132986899295074,0.0,1.6388185768855932
2014-09-26,0.5687957262207302,0.0,1.7040144501341197
2014-09-27,0.724076616970946,0.0,1.975389669340835
2014-09-28,0.6085895956204309,0.0,1.7792249703063125
2014-09-29,0.5363528077914708,0.0,1.6660378140198255
2014-09-30,0.6111898103092192,0.0,1.797518352971334
2014-10-01,0.5138870221664532,0.0,1.6653621051732503
2014-10-02,0.4819013817105038,0.0,1.6099718898211584
2014-10-03,0.5315000510667293,0.0,1.63142364390129
2014-10-04,0.9575075295575652,0.0,2.0373611593873173
2014-10-05,0.5623101654298976,0.0,1.7702755994921848
2014-10-06,0.4871717696779467,0.0,1.6586612491241044
2014-10-07,0.5602443036193077,0.0,1.6705116540106502
2014-10-08,0.4623359546876337,0.0,1.6373402142960753
2014-10-09,0.43089629227961357,0.0,1.6076157059341196
2014-10-10,0.48215658438804615,0.0,1.6034373357652592
2014-10-11,0.6351559575992791,0.0,1.7986281026424733
2014-10-12,0.5193595231883231,0.0,1.7229933146014054
2014-10-13,0.6145031352342465,0.0,1.7261716734747152
2014-10-14,0.5270827844603085,0.0,1.7277927293479654
2014-10-15,0.4350101963439686,0.0,1.6101856437275148
2014-10-16,0.4098290749255792,0.0,1.6019369957782388
2014-10-17,0.4676074400022133,0.0,1.6103192411220202
2014-10-18,0.6272187291358462,0.0,1.6987329818018306
2014-10-19,0.5179644007050469,0.0,1.683994011503867
2014-10-20,0.45367351077211315,0.0,1.6287069019393066
2014-10-21,0.5379438939850684,0.0,1.6951156921751471
2014-10-22,0.45130617148451746,0.0,1.5805205419651993
2014-10-23,0.4309386526732503,0.0,1.6144960937576776
2014-10-24,0.49281476763504584,0.0,1.719923707330337
2014-10-25,0.6557358667429433,0.0,1.808098835973727
2014-10-26,0.5489553266159837,0.0,1.7121106098032803
2014-10-27,0.4862789372707777,0.0,1.6616557571252408
2014-10-28,0.5713061876568628,0.0,1.8076252063253815
2014-10-29,0.484593679584878,0.0,1.58884377353165
2014-10-30,0.46336876364062196,0.0,1.6259135008576473
2014-10-31,0.21052395431616622,0.0,1.323362567920628
2014-11-01,0.6844028986050452,0.0,1.8124037593990636
2014-11-02,0.5749102901846432,0.0,1.7444776986660784
2014-11-03,0.5091201699003897,0.0,1.6404639230137152
2014-11-04,0.5907579557367204,0.0,1.7672816605065678
2014-11-05,0.5005111654244369,0.0,1.7096873321178803
2014-11-06,0.4757391623495768,0.0,1.5442739455175882
2014-11-07,0.5326148447466578,0.0,1.6763350037416842
2014-11-08,0.6901512875430966,0.0,1.9047898762269169
2014-11-09,0.5778194583623099,0.0,1.7635543361702684
2014-11-10,0.5096421690178764,0.0,1.6480861442103143
2014-11-11,1.2735488148915663,0.13828672242955742,2.449021759922675
2014-11-12,0.4979340608038012,0.0,1.591176841798782
2014-11-13,0.47256348381927676,0.0,1.6058193778803673
2014-11-14,0.5295167556794084,0.0,1.6889137390409963
2014-11-15,0.6878126439167591,0.0,1.8170313866482992
2014-11-16,0.5769072044659213,0.0,1.712091350501222
2014-11-17,0.5107885601881652,0.0,1.589527663274459
2014-11-18,0.5932132832788056,0.0,1.7099643745906308
2014-11-19,0.5048657394279192,0.0,1.7213712867773927
2014-11-20,0.4830685888429877,0.0,1.6738370737940513
2014-11-21,0.5439261989608574,0.0,1.7190205891784287
2014-11-22,0.7063539100103832,0.0,1.8283135712428973
2014-11-23,0.5996991810223378,0.0,1.7989604519458933
2014-11-24,0.5378396611068659,0.0,1.6611606956777976
2014-11-25,0.624422853041985,0.0,1.7502481361022928
2014-11-26,0.5400286278142135,0.0,1.6039341592965153
2014-11-27,0.834598475696164,0.0,1.9746375921524486
2014-11-28,0.5860026666571281,0.0,1.7944671442653957
2014-11-29,0.7512296693134339,0.0,2.021968506414339
2014-11-30,0.6468513163591588,0.0,1.8531098021531234
2014-12-01,0.5867011858153408,0.0,1.695882430311808
2014-12-02,0.6743993452137825,0.0,1.8576271210660247
2014-12-03,0.5905151939453903,0.0,1.8147739309565372
2014-12-04,0.5722807178426231,0.0,1.837314041893415
2014-12-05,0.6357358391223671,0.0,1.781924583288802
2014-12-06,0.799758757408715,0.0,1.8748795287812685
2014-12-07,0.6936872912799167,0.0,1.7599121754721005
2014-12-08,0.6314162755531353,0.0,1.8163262692536828
2014-12-09,0.7166357167957882,0.0,1.8996119886344696
2014-12-10,0.6299910297396486,0.0,1.8222944732964985
2014-12-11,0.6087935407025106,0.0,1.7611296479498735
2014-12-12,0.6691630329339899,0.0,1.7468021696924299
2014-12-13,0.8300553222891776,0.0,1.9808494112562318
2014-12-14,0.7208809636074639,0.0,1.850580288885488
2014-12-15,0.6556002283869713,0.0,1.81033541590286
2014-12-16,0.73795913630916,0.0,1.9134530687611466
2014-12-17,0.6486479306900764,0.0,1.7847272838489388
2014-12-18,0.6250102414729969,0.0,1.7546425143667563
2014-12-19,0.6831847535636341,0.0,1.8289517612397823
2014-12-20,0.8421323968466319,0.0,1.9866910060845362
2014-12-21,0.7312551701966202,0.0,1.9668400958754255
2014-12-22,0.6644917356902957,0.0,1.8463429797715827
2014-12-23,0.7455545449356001,0.0,1.9673186610432054
2014-12-24,0.22218923139812252,0.0,1.3937387964380408
2014-12-25,0.1583256116580748,0.0,1.3481530655494864
2014-12-26,0.6875313598273063,0.0,1.7521237949615518
2014-12-27,0.8454160069434271,0.0,1.9929103412623919
2014-12-28,0.7333812445271356,0.0,1.9123844142985205
2014-12-29,0.6653039493206032,0.0,1.8867897316740712
2014-12-30,0.7448392486773053,0.0,1.8463326629665517
2014-12-31,0.6525831776625381,0.0,1.7910051461353522
2015-01-01,0.35817908548353405,0.0,1.5742314956753083
2015-01-02,0.680499405553611,0.0,1.8932618022531431
2015-01-03,0.8356058191280171,0.0,1.9979515280292979
2015-01-04,0.720443500329518,0.0,1.8779323918859951
2015-01-05,0.6489047108709802,0.0,1.7573112325846183
2015-01-06,0.7246762096597509,0.0,1.935299174868958
2015-01-07,0.16625961980352266,0.0,1.3484817536006741
2015-01-08,0.5973950337508087,0.0,1.7574774614272286
2015-01-09,0.6477843859357398,0.0,1.8325222440116433
2015-01-10,0.7985427348036103,0.0,1.921255990998574
2015-01-11,0.6791082101244522,0.0,1.864414328427503
2015-01-12,0.603480827034702,0.0,1.724352067043609
2015-01-13,0.675459818514205,0.0,1.8604805366404082
2015-01-14,0.5758029567285669,0.0,1.659360960250466
2015-01-15,0.5419360508600102,0.0,1.7495337962215514
2015-01-16,0.5900943990094218,0.0,1.7904900573409683
2015-01-17,0.7393491876844456,0.0,1.9162674236398383
2015-01-18,0.6192249468585928,0.0,1.7445971068205306
2015-01-19,0.42188606649776894,0.0,1.588796395853964
2015-01-20,0.6169071851363929,0.0,1.7864982529042988
2015-01-21,0.5193588113723197,0.0,1.7223807576253185
2015-01-22,0.48858651529473107,0.0,1.6538149871434253
2015-01-23,0.5408154534909135,0.0,1.6788497942992588
2015-01-24,0.6950833119224613,0.0,1.8221146505675352
2015-01-25,0.5808577886888189,0.0,1.7246207980589205
2015-01-26,0.5121309238281898,0.0,1.731488359279018
2015-01-27,0.5926550647266958,0.0,1.7420417474085423
2015-01-28,0.503101847774892,0.0,1.673325499258283
2015-01-29,0.48077241537549775,0.0,1.587500117003223
2015-01-30,0.5417406474599699,0.0,1.6538370119810797
2015-01-31,0.7048823723080769,0.0,1.9598092601735733
2015-02-01,0.26665124118465766,0.0,1.3696759009773254
2015-02-02,0.5394038858388189,0.0,1.7382775009383116
2015-02-03,0.6281863764750414,0.0,1.8549835098573129
2015-02-04,0.546351024910217,0.0,1.685693027428918
2015-02-05,0.5310438643492218,0.0,1.683170437247799
2015-02-06,0.5981971384402406,0.0,1.625372232463833
2015-02-07,0.7665621034305191,0.0,1.9744902629094654
2015-02-08,0.6653334571329239,0.0,1.829698759645198
2015-02-09,0.6082503715620835,0.0,1.7645284082109187
2015-02-10,0.6988387352157235,0.0,1.8713551326680586
2015-02-11,0.6175758142034211,0.0,1.822906600668803
2015-02-12,0.6016053948717863,0.0,1.8339294809201545
2015-02-13,0.6668850501815912,0.0,1.8097151100426947
2015-02-14,0.9141132612322826,0.0,2.146688276659409
2015-02-15,0.7268781968323292,0.0,1.9839810566151808
2015-02-16,0.28978187283975376,0.0,1.518804777525685
2015-02-17,0.7493499025548107,0.0,1.9400052950052995
2015-02-18,0.3243825183967613,0.0,1.4219950442232487
2015-02-19,0.638245613540516,0.0,1.9144364844735213
2015-02-20,0.6959219943960709,0.0,1.8803940806527286
2015-02-21,0.8534365339299549,0.0,1.9969967935009134
2015-02-22,0.7402383944231206,0.0,1.920935064527925
2015-02-23,0.6703431360808985,0.0,1.8357646269292294
2015-02-24,0.747568173268983,0.0,1.9641355290372302
2015-02-25,0.3103527366682839,0.0,1.4275972338807799
2015-02-26,0.6231535125295173,0.0,1.816345572787573
2015-02-27,0.6752090338490857,0.0,1.8398931388959199
2015-02-28,0.8279404661326104,0.0,1.9579662432105427
2015-03-01,0.710880335302957,0.0,1.9428590960416074
2015-03-02,0.6381031374409801,0.0,1.750155523454006
2015-03-03,0.713459723126147,0.0,1.8769524137056173
2015-03-04,0.617734427343748,0.0,1.786280181649511
2015-03-05,0.39906585993388266,0.0,1.5959965073645632
2015-03-06,0.6415245563324856,0.0,1.871714320111928
2015-03-07,0.7962663578437827,0.0,2.0688038398891617
2015-03-08,0.6820245183054866,0.0,1.8385955120732604
2015-03-09,0.6127687503690529,0.0,1.7545159400989205
2015-03-10,0.6922300839483638,0.0,1.8730939217929259
2015-03-11,0.6010614761820018,0.0,1.7558365343963442
2015-03-12,0.5765496675256636,0.0,1.77004512572638
2015-03-13,0.634759997568965,0.0,1.791537005562258
2015-03-14,0.7945670808941719,0.0,2.029893530014993
2015-03-15,0.6852773312854098,0.0,1.9056978289023505
2015-03-16,0.6207283424111825,0.0,1.8468163391577561
2015-03-17,0.49792404886796243,0.0,1.6371337751137742
2015-03-18,0.6172268674428543,0.0,1.8368141455535316
2015-03-19,0.5960149854198046,0.0,1.861444384506855
2015-03-20,0.6568862955066528,0.0,1.8780625330447622
2015-03-21,0.8186619792230629,0.0,2.0346330369128953
2015-03-22,0.7106156053274841,0.0,1.8772888219692927
2015-03-23,0.6465727672024889,0.0,1.8202200581747943
2015-03-24,0.7301516066443333,0.0,1.8444387565907314
2015-03-25,0.6419254749508625,0.0,1.7844731032102437
2015-03-26,0.6191358458630771,0.0,1.7733010362526356
2015-03-27,0.677837183098117,0.0,1.8443001824369103
2015-03-28,0.8369266811860029,0.0,2.013846740711071
2015-03-29,0.7257649146755231,0.0,1.913303521561143
2015-03-30,0.6582724773165898,0.0,1.7568210562889608
2015-03-31,0.7381673428532973,0.0,1.9024110567324708
2015-04-01,0.6461242961945246,0.0,1.8373035861433646
2015-04-02,0.619484648104482,0.0,1.7898012737503666
2015-04-03,0.6743980325559155,0.0,1.7889020804788036
2015-04-04,0.8298492967974413,0.0,1.8922405362614059
2015-04-05,0.5359418678251339,0.0,1.7849805333158981
2015-04-06,0.6446658953419414,0.0,1.820314272026797
2015-04-07,0.7217865290387002,0.0,2.014114483726022
2015-04-08,0.6273494512120833,0.0,1.7650313238363657
2015-04-09,0.5987161847504319,0.0,1.7591940300941065
2015-04-10,0.6520404265463133,0.0,1.7988525728461762
2015-04-11,0.6741043656664072,0.0,1.9079813051065315
2015-04-12,0.5379429630657614,0.0,1.675211220628747
2015-04-13,0.61977667530358,0.0,1.7234468302319836
2015-04-14,0.6966659479201911,0.0,1.789826177574472
2015-04-15,0.6022089642591519,0.0,1.8064504647230668
2015-04-16,0.5736980035012009,0.0,1.7821144711189132
2015-04-17,0.6272129026794033,0.0,1.88998754708557
2015-04-18,0.7816510855431815,0.0,1.9150367688723557
2015-04-19,0.6663493647495943,0.0,1.8162086619067468
2015-04-20,0.5951825486763633,0.0,1.7951356165034849
2015-04-21,0.671803509192928,0.0,1.7839114215181968
2015-04-22,0.5768059614410744,0.0,1.7392876772695616
2015-04-23,0.5474380517949722,0.0,1.8134444743430027
2015-04-24,0.5997484206629651,0.0,1.7811274862985251
2015-04-25,0.7526176063969023,0.0,1.9211994285342424
2015-04-26,0.635380758405019,0.0,1.7844650904619401
2015-04-27,0.5619266618379462,0.0,1.7391985370322276
2015-04-28,0.635937716576367,0.0,1.6857796047171123
2015-04-29,0.5380521236339628,0.0,1.7050356747753652
2015-04-30,0.5055763927578224,0.0,1.7643703552826622
2015-05-01,0.5546298704777964,0.0,1.6894788420790168
2015-05-02,0.7041742013993055,0.0,1.880497479820526
2015-05-03,0.5836337498379534,0.0,1.6851569567597031
2015-05-04,0.5069920538241864,0.0,1.6346889973026189
2015-05-05,0.45346231236835005,0.0,1.7414511751349553
2015-05-06,0.4774802833600986,0.0,1.6174665659391103
2015-05-07,0.4427466736849788,0.0,1.5981892730355618
2015-05-08,0.49003600944316067,0.0,1.6696772865287532
2015-05-09,0.6383897858707329,0.0,1.8476965484945886
2015-05-10,0.6065154013695251,0.0,1.756735282385056
2015-05-11,0.4408090580314862,0.0,1.6015539941934425
2015-05-12,0.5127339106451978,0.0,1.6914479948276095
2015-05-13,0.4138352314384381,0.0,1.5781101803615545
2015-05-14,0.381520459139821,0.0,1.6386727792513107
2015-05-15,0.4319861731308964,0.0,1.5704714226867804
2015-05-16,0.5842449302329741,0.0,1.7843504526533946
2015-05-17,0.4677437961895242,0.0,1.6475567430273068
2015-05-18,0.39645970167712574,0.0,1.565719978048156
2015-05-19,0.4741363776685248,0.0,1.65247636469203
2015-05-20,0.38144421659476785,0.0,1.5321090168532108
2015-05-21,0.3556912448900329,0.0,1.4996535683548569
2015-05-22,0.4129669542734459,0.0,1.6274814496982348
2015-05-23,0.572171927563084,0.0,1.7565363152499125
2015-05-24,0.4626392833771392,0.0,1.6753315171411085
2015-05-25,0.38828459388413,0.0,1.6006391044150041
2015-05-26,0.4825876699412002,0.0,1.7549768939684163
2015-05-27,0.3962712953847402,0.0,1.5595931751215093
2015-05-28,0.37649864778953535,0.0,1.6075185497783224
2015-05-29,0.43927744660271206,0.0,1.6738269350244626
2015-05-30,0.6034398790872025,0.0,1.7124421194545298
2015-05-31,0.4982655480730619,0.0,1.6413338267599535
2015-06-01,0.4375808334501553,0.0,1.5837404035115994
2015-06-02,0.5249993078569763,0.0,1.7452713622945282
2015-06-03,0.4410844550772028,0.0,1.5687688637916368
2015-06-04,0.5444405631891673,0.0,1.7263772498598364
2015-06-05,0.4869691279649285,0.0,1.6922918369500208
2015-06-06,0.6516767338346371,0.0,1.7680221078965186
2015-06-07,0.5465186525763669,0.0,1.7533844291317564
2015-06-08,0.48538499369737936,0.0,1.539149559548872
2015-06-09,0.5719610485674512,0.0,1.6850491031213923
2015-06-10,0.48688750643597745,0.0,1.6966582069807454
2015-06-11,0.467470964642139,0.0,1.6537079222068858
2015-06-12,0.5298265069637241,0.0,1.6767665055601824
2015-06-13,0.6929053364009312,0.0,1.890691704451463
2015-06-14,0.5861135595009652,0.0,1.8225362505795644
2015-06-15,0.5234072585033195,0.0,1.7131187257433516
2015-06-16,0.772935463670091,0.0,1.9271259808995733
2015-06-17,0.5221645650199227,0.0,1.6086858381448343
2015-06-18,0.8821402857333226,0.0,2.0137432278765157
2015-06-19,0.5631393534514424,0.0,1.77196572322942
2015-06-20,0.7255744541855588,0.0,1.9469540862019437
2015-06-21,0.9839192297617143,0.0,2.173551778380341
2015-06-22,0.5554434640130648,0.0,1.742219908510635
2015-06-23,0.6405302693167492,0.0,1.7347473557968396
2015-06-24,0.554271672832498,0.0,1.7424588724195516
2015-06-25,0.5339618418725762,0.0,1.6990257397226485
2015-06-26,0.5956844602512537,0.0,1.7609119927910266
2015-06-27,0.7583422763063836,0.0,1.9693730621912275
2015-06-28,0.6512784119701619,0.0,1.8261631001268115
2015-06-29,0.5883744814598223,0.0,1.7391899760637277
2015-06-30,0.6732901919902502,0.0,1.8561875654466826
2015-07-01,0.5866256918055129,0.0,1.7947305186711726
2015-07-02,0.5656347736870608,0.0,1.6387416289741352
2015-07-03,0.626370609914841,0.0,1.785769795954731
2015-07-04,1.152707996332908,0.0,2.3225841924896464
2015-07-05,0.6790103419262404,0.0,1.9663057404991333
2015-07-06,0.6141396114692013,0.0,1.7833027326983921
2015-07-07,0.6967851861775277,0.0,1.7416158838243734
2015-07-08,0.6075815648804249,0.0,1.736277822326585
2015-07-09,0.5838298064512581,0.0,1.7917984603218244
2015-07-10,0.6416421376871437,0.0,1.8265473497010947
2015-07-11,0.7999715228492348,0.0,2.0257118018317564
2015-07-12,0.6882322094591192,0.0,1.8881389137448652
2015-07-13,0.6203963095344023,0.0,1.7222529306856482
2015-07-14,0.7002311246428746,0.0,1.8940990385101073
2015-07-15,0.6084585405478197,0.0,1.7676555613088027
2015-07-16,0.5824646829603843,0.0,1.7529189491312287
2015-07-17,0.638441614273638,0.0,1.8518726906426919
2015-07-18,0.8895094053768353,0.0,2.0851777546401427
2015-07-19,0.6828573093336757,0.0,1.8871632818611095
2015-07-20,0.6147913248093118,0.0,1.8930425620827014
2015-07-21,0.6950160399797485,0.0,1.8560723486615658
2015-07-22,0.6042690561571096,0.0,1.7808292424548968
2015-07-23,0.5799341047868141,0.0,1.7070064709271817
2015-07-24,0.6381820664759957,0.0,1.8156974199691036
2015-07-25,0.7979975798840294,0.0,1.9591507687369016
2015-07-26,0.6887973647076018,0.0,1.825285090391139
2015-07-27,0.6245254070223316,0.0,1.8368233931877858
2015-07-28,0.7088897807772958,0.0,1.8275928483870416
2015-07-29,0.6225224706529578,0.0,1.866771235212804
2015-07-30,0.6026903996123388,0.0,1.7693251338793692
2015-07-31,0.665439424429909,0.0,1.8078158362319219
2015-08-01,0.8296242483269457,0.0,2.125749997565621
2015-08-02,0.7245302850746886,0.0,1.91504178725838
2015-08-03,0.6639725242669908,0.0,1.8520792219919517
2015-08-04,0.751536067105246,0.0,1.8336069383124765
2015-08-05,0.6677395905644269,0.0,1.7884866003466475
2015-08-06,0.6497498361286378,0.0,1.7544548161606568
2015-08-07,0.7135287826035274,0.0,1.8693206987035835
2015-08-08,0.8778663548042109,0.0,2.0229793225294053
2015-08-09,0.7720046145115808,0.0,1.9689499586926953
2015-08-10,0.7097384074914542,0.0,1.9167523837019107
2015-08-11,0.7946570744471856,0.0,2.012116000890655
2015-08-12,0.7073084386838622,0.0,1.97808981922711
2015-08-13,0.6849131395235065,0.0,1.785775693255902
2015-08-14,0.743510962744837,0.0,1.8193643765641778
2015-08-15,0.9019920310410257,0.0,2.1537011661889234
2015-08-16,0.7897188314100043,0.0,1.9290879691799407
2015-08-17,0.7206241025086599,0.0,1.886067123830561
2015-08-18,0.7984492565877759,0.0,1.9825411401238127
2015-08-19,0.7039046313799785,0.0,1.8538430681051623
2015-08-20,0.6743797372182311,0.0,1.7564485500231122
2015-08-21,0.7260852580121672,0.0,1.7796764772761802
2015-08-22,0.8780797845761694,0.0,2.006624643238039
2015-08-23,0.7598873777441685,0.0,2.0045456948767035
2015-08-24,0.685591106455218,0.0,1.830758019923237
2015-08-25,0.7590673558174549,0.0,1.7861961354317013
2015-08-26,0.6611423157413224,0.0,1.8296779231240219
2015-08-27,0.6292989221772325,0.0,1.8412882152707917
2015-08-28,0.6798161048264227,0.0,1.7794593629841062
2015-08-29,0.8317934007755903,0.0,1.98980004230782
2015-08-30,0.7147670957735187,0.0,1.8740395535550856
2015-08-31,0.6428030840213048,0.0,1.806459776042907
2015-09-01,0.7197312671706778,0.0,1.9078040398128964
2015-09-02,0.6263029078976037,0.0,1.9399117916622246
2015-09-03,0.5998991937507008,0.0,1.7901847099634434
2015-09-04,0.6566728279151197,0.0,1.7587606945310603
2015-09-05,0.8155756491962374,0.0,1.9472674665555585
2015-09-06,0.7059783672838579,0.0,1.9199462095380757
2015-09-07,1.8221857120298752,0.5566182673103317,2.9204591653701764
2015-09-08,0.7265843112355143,0.0,1.8898942400340784
2015-09-09,0.6409867949506249,0.0,1.7865270720812232
2015-09-10,0.6221632566166481,0.0,1.7759544420007232
2015-09-11,0.6860787577738728,0.0,1.8529479736995638
2015-09-12,0.8515075476846703,0.0,2.0201999100081665
2015-09-13,0.7476573556137344,0.0,1.840137439658973
2015-09-14,0.6882705322895036,0.0,1.8295773707196932
2015-09-15,0.7768666423713673,0.0,1.9339950701092867
2015-09-16,0.6939077059067928,0.0,1.849182732502582
2015-09-17,0.6765141344971273,0.0,1.8798240562299389
2015-09-18,0.7406129820848605,0.0,1.896669962803307
2015-09-19,0.9049713345405654,0.0,2.1467368509120206
2015-09-20,0.7988207695879089,0.0,1.9967367268133789
2015-09-21,0.7359578590919568,0.0,1.9167326810897531
2015-09-22,0.8199853328848881,0.0,1.9557252962814409
2015-09-23,0.7314751408183953,0.0,1.928475914960434
2015-09-24,0.9834038277885369,0.0,2.15683723300308
2015-09-25,0.764685749322138,0.0,1.9558536390292691
2015-09-26,0.9214255561194526,0.0,2.0812855295151897
2015-09-27,0.807315137208675,0.0,1.9592901002930394
2015-09-28,0.7363409627728823,0.0,1.8588972797460637
2015-09-29,0.8122980624955376,0.0,2.010459554642193
2015-09-30,0.7159481768919013,0.0,1.8621270778786936
2015-10-01,0.6847280076769262,0.0,1.7769790791849762
2015-10-02,0.7348893929481235,0.0,1.9979906536659828
2015-10-03,0.8855244471471488,0.0,1.957395444835863
2015-10-04,0.7661818170561353,0.0,1.9918660503582732
2015-10-05,0.6909592435018456,0.0,1.8164318719889607
2015-10-06,0.7637372575378857,0.0,1.9584821237984364
2015-10-07,0.6653354436169402,0.0,1.7927434583926731
2015-10-08,0.6332195512141473,0.0,1.8168069408752725
2015-10-09,0.6836413053388137,0.0,1.8239607912610003
2015-10-10,0.8356639591792094,0.0,2.0200973889679457
2015-10-11,0.7187797221119792,0.0,1.9228866259102493
2015-10-12,0.812753749004238,0.0,2.0171562576302198
2015-10-13,0.7241127163276894,0.0,1.8053024140328269
2015-10-14,0.6307995765916605,0.0,1.7870418703503834
2015-10-15,0.6043889560021395,0.0,1.7524293214578923
2015-10-16,0.6609786663560973,0.0,1.8235225097745247
2015-10-17,0.819470025120597,0.0,2.0025692742633066
2015-10-18,0.7091897410131949,0.0,1.9623489382910253
2015-10-19,0.6439888569215964,0.0,1.7931408576198484
2015-10-20,0.7274833969236946,0.0,1.903498534071068
2015-10-21,0.6402179539294913,0.0,1.8444068680069057
2015-10-22,0.6193802950207653,0.0,1.7519533731416461
2015-10-23,0.680948627892707,0.0,1.8403640654695643
2015-10-24,0.8437243678079476,0.0,2.0764420820009537
2015-10-25,0.7369563432825218,0.0,2.0010543757006727
2015-10-26,0.6744414106907335,0.0,1.8860180450807342
2015-10-27,0.7597660867291148,0.0,2.012120205312022
2015-10-28,0.6734704172260745,0.0,1.8687257739332428
2015-10-29,0.6527621614069248,0.0,1.8554415171386363
2015-10-30,0.7136629568990116,0.0,1.9251258074028925
2015-10-31,0.5618882207702447,0.0,1.7451130969364284
2015-11-01,0.766224658383097,0.0,1.9394504844552136
2015-11-02,0.7011167996070792,0.0,1.8589428460090789
2015-11-03,0.7834166342129675,0.0,1.9752495135316177
2015-11-04,0.6937882886837932,0.0,1.7682572636776757
2015-11-05,0.6695695551862287,0.0,1.8890776057837904
2015-11-06,0.7269141743937134,0.0,1.9075113552249663
2015-11-07,0.8848189903359642,0.0,1.968398492021014
2015-11-08,0.772742085145194,0.0,2.021748000731126
2015-11-09,0.7046970443396677,0.0,1.8955919430204018
2015-11-10,0.7844881475496759,0.0,1.9534065187078056
2015-11-11,1.3769876392051223,0.21067013896764164,2.5645226056411765
2015-11-12,0.6672450890321847,0.0,1.885348935031347
2015-11-13,0.7238254278904754,0.0,1.8355427378689113
2015-11-14,0.8816374442190077,0.0,1.9768374745072919
2015-11-15,0.7701501232000174,0.0,1.9605589637431053
2015-11-16,0.703367235199183,0.0,1.837257972654254
2015-11-17,0.7850632059766298,0.0,1.9588250975126609
2015-11-18,0.6959418930480487,0.0,1.8269270016749202
2015-11-19,0.6733464812454159,0.0,1.845050831486904
2015-11-20,0.7334022711385395,0.0,1.8698389404321556
2015-11-21,0.8950453206380857,0.0,2.15994299026098
2015-11-22,0.7876429862565232,0.0,1.9431086430055273
2015-11-23,0.7250914269245229,0.0,1.8919849022495683
2015-11-24,0.8110547540802944,0.0,2.0006215134766396
2015-11-25,0.7261271015263746,0.0,1.897996537172801
2015-11-26,1.0202615131633865,0.0,2.158562683293466
2015-11-27,0.7713368312977542,0.0,1.9366395253520872
2015-11-28,0.9363469416799024,0.0,2.172994692991202
2015-11-29,0.8318658670578876,0.0,1.9934150959966281
2015-11-30,0.7717261792225293,0.0,1.9889773902037196
2015-12-01,0.8595438740784723,0.0,1.9928555969056279
2015-12-02,0.7758814393259715,0.0,1.8580216074784999
2015-12-03,0.7579614202522087,0.0,1.8358600452807246
2015-12-04,0.8218121555843265,0.0,1.9917173484381767
2015-12-05,0.9862985657150736,0.0,2.1686211226832333
2015-12-06,0.8807439876408367,0.0,2.097552726832381
2015-12-07,0.8190280945682094,0.0,2.0173559956223004
2015-12-08,0.9048255867062175,0.0,2.123870186195499
2015-12-09,0.8187669568776735,0.0,1.927819135298916
2015-12-10,0.7981495004351593,0.0,1.9839650625368763
2015-12-11,0.8590803277341601,0.0,2.04445225669373
2015-12-12,1.0205043524249706,0.0,2.198911559861403
2015-12-13,0.9118233425919938,0.0,2.048088040676809
2015-12-14,0.41409054424264674,0.0,1.5913057789788942
2015-12-15,0.9297499911693905,0.0,2.1724102024907768
2015-12-16,0.8407888655856761,0.0,2.064326756872171
2015-12-17,0.8174528504937986,0.0,1.9732000229481126
2015-12-18,0.8758845920342468,0.0,2.155503979646267
2015-12-19,1.035051311683734,0.0,2.235010748747345
2015-12-20,0.924363347144687,0.0,2.097848413128768
2015-12-21,0.8577693874184857,0.0,2.073274058995024
2015-12-22,0.9389931757821315,0.0,2.1736628054602476
2015-12-23,0.8486930484653715,0.0,2.030929793849153
2015-12-24,0.8241725175841423,0.0,1.9432381065235462
2015-12-25,0.40946047939541474,0.0,1.6395355264352371
2015-12-26,1.0396563372162868,0.0,2.1397135641048464
2015-12-27,0.9279190958684098,0.0,2.0714674550394627
2015-12-28,0.8601971419246937,0.0,2.0674046157963897
2015-12-29,0.9401517455566213,0.0,2.223913512327898
2015-12-30,0.8483825498756769,0.0,2.023995275904707
2015-12-31,0.8221408333261448,0.0,2.0083967170225447
2016-01-01,0.6098682799824715,0.0,1.806814336493189
2016-01-02,1.0332640755650346,0.0,2.2255278211716463
2016-01-03,0.9188364618966662,0.0,2.064955925786169
2016-01-04,0.8480734698761528,0.0,2.048327874896728
2016-01-05,0.9246477347032129,0.0,2.0512078457032286
2016-01-06,0.8291864612158206,0.0,2.0396844417008086
2016-01-07,0.33684253232394,0.0,1.5706946880601047
2016-01-08,0.8501506142853337,0.0,2.026696351777386
2016-01-09,1.0016359874594085,0.0,2.179094115211358
2016-01-10,0.8828573430283391,0.0,2.0552308067029825
2016-01-11,0.8077933298964249,0.0,2.0019403035327166
2016-01-12,0.8802226850110217,0.0,2.170409485995729
2016-01-13,0.7808841983211702,0.0,1.8953027358233685
2016-01-14,0.7471868306214552,0.0,1.9885126098466739
2016-01-15,0.7953517429223009,0.0,1.9942539629220162
2016-01-16,0.9444392128733321,0.0,2.0746318112427455
2016-01-17,0.8239665297925176,0.0,2.0930640546067867
2016-01-18,0.6260948597597575,0.0,1.7512289643542294
2016-01-19,0.8203998794219336,0.0,2.0308665853189534
2016-01-20,0.721957530258369,0.0,2.0029793642277047
2016-01-21,0.6901232243683918,0.0,1.8623083974143453
2016-01-22,0.7411362627945415,0.0,1.9042374902401369
2016-01-23,0.894052551506636,0.0,2.047093562332718
2016-01-24,0.778361741352112,0.0,1.8828424836929238
2016-01-25,0.7080811067621128,0.0,1.891552232586452
2016-01-26,0.7869909626276229,0.0,2.0297185092181227
2016-01-27,0.6957930136701266,0.0,1.8554554243782027
2016-01-28,0.6718198716537955,0.0,1.8178024801822974
2016-01-29,0.73117753788612,0.0,1.911714082830515
2016-01-30,0.8927738356602094,0.0,2.130881304759529
2016-01-31,0.7859388630216836,0.0,1.9898537106075425
2016-02-01,0.7245225511936721,0.0,1.9527516433759675
2016-02-02,0.8121340323727924,0.0,1.954739567246733
2016-02-03,0.7293041069504511,0.0,1.900505804662238
2016-02-04,0.7131989355413473,0.0,1.903836211791936
2016-02-05,0.7797666407304734,0.0,1.9690396186585581
2016-02-06,0.9477696912216548,0.0,2.111321600276092
2016-02-07,0.5135636655665838,0.0,1.6381678331162013
2016-02-08,0.7894249344421085,0.0,1.9790613875032856
2016-02-09,0.880339208531724,0.0,2.0374465442928713
2016-02-10,0.46257260779127596,0.0,1.5743675526592602
2016-02-11,0.7843968478225751,0.0,1.977035878951736
2016-02-12,0.8506089151265593,0.0,1.984617039435984
2016-02-13,1.0170370687046304,0.0,2.228515745826035
2016-02-14,0.9948228137845418,0.0,2.1304301789907356
2016-02-15,0.47716984442762217,0.0,1.6354964349124235
2016-02-16,0.9381521188866572,0.0,2.0478388487482717
2016-02-17,0.5093522285877308,0.0,1.665372368135123
2016-02-18,0.8299736786416412,0.0,2.0563967699704055
2016-02-19,0.8890957791640143,0.0,2.0429818566397486
2016-02-20,1.0480019055869594,0.0,2.254879698967603
2016-02-21,0.9361113451040928,0.0,2.0642596956110286
2016-02-22,0.8674123552190349,0.0,2.02949943732533
2016-02-23,0.9456982672503184,0.0,2.1359852986619834
2016-02-24,0.8517255662632484,0.0,1.9404344831724551
2016-02-25,0.8229221843030428,0.0,1.9991759011644694
2016-02-26,0.8755278303899362,0.0,2.050895972639649
2016-02-27,1.0286193918026705,0.0,2.213478404198826
2016-02-28,0.911727549523616,0.0,2.1334872004795375
2016-02-29,0.8389297864045754,0.0,2.015320511590141
2016-03-01,0.9140846032651074,0.0,2.068555414891134
2016-03-02,0.8179883598326143,0.0,2.0416967703602804
2016-03-03,0.7880830047180469,0.0,1.9870716301611888
2016-03-04,0.8405965264260618,0.0,1.9902596001886366
2016-03-05,0.9945691495410716,0.0,2.1713913711373043
2016-03-06,0.8794713900475836,0.0,2.078320297878616
2016-03-07,0.8092991018348901,0.0,1.9881700382042666
2016-03-08,0.8878102669121896,0.0,2.0578696973889485
2016-03-09,0.7956848692512787,0.0,2.043397662984604
2016-03-10,0.7702360274459343,0.0,1.9918518274512593
2016-03-11,0.8275541197444516,0.0,1.9455896654175793
2016-03-12,0.9865368206128095,0.0,2.108851361606951
2016-03-13,0.8765110542555096,0.0,2.0115808602081793
2016-03-14,0.81133188821609,0.0,1.9956149765424729
2016-03-15,0.8946230133304145,0.0,2.0053022319598908
2016-03-16,0.8069400494078888,0.0,1.9063202498330767
2016-03-17,0.5788790498055054,0.0,1.7530864784177407
2016-03-18,0.8462518275168458,0.0,1.9808912792479836
2016-03-19,1.008061044298484,0.0,2.210950210853719
2016-03-20,0.9001808657627143,0.0,2.0846111135496397
2016-03-21,0.8364283195446383,0.0,2.04678555427806
2016-03-22,0.9204098941994177,0.0,2.1361492574346332
2016-03-23,0.8326846473190983,0.0,2.0196029127368185
2016-03-24,0.6211902927570613,0.0,1.7563377314179354
2016-03-25,0.8698253332454633,0.0,2.013261057040762
2016-03-26,1.029605999365999,0.0,2.0805206562993748
2016-03-27,0.7398261764378683,0.0,1.877933231689468
2016-03-28,0.8523916272259234,0.0,2.0845462883736925
2016-03-29,0.9329979287572377,0.0,2.071991772668438
2016-03-30,0.8416377995566963,0.0,2.0951588055574164
2016-03-31,0.8156376294206347,0.0,2.0676251123035674
2016-04-01,0.8711344316931212,0.0,2.0773179809439597
2016-04-02,1.0271030712311104,0.0,2.2242644929779103
2016-04-03,0.9129746124855682,0.0,2.0678510522814735
2016-04-04,0.8427309363938876,0.0,1.9916864413397544
2016-04-05,0.9201404155938944,0.0,2.1207157100112
2016-04-06,0.8259160437219609,0.0,2.012632934031485
2016-04-07,0.7974242667773761,0.0,2.096049907277589
2016-04-08,0.8508263373767398,0.0,2.0045784159676114
2016-04-09,1.005105209990228,0.0,2.078254399979514
2016-04-10,0.8896840900714693,0.0,2.0185135659483926
2016-04-11,0.8185217728723579,0.0,2.0100746556780664
2016-04-12,0.8953495326614764,0.0,2.049461982690634
2016-04-13,0.8008309144503372,0.0,1.9339108715995588
2016-04-14,0.7722726190780344,0.0,2.009364656563218
2016-04-15,0.8257682337493483,0.0,1.993210500405983
2016-04-16,0.9802277479073038,0.0,2.130048519981946
2016-04-17,0.8649988821496273,0.0,2.081222984064892
2016-04-18,0.7939652763829834,0.0,2.016280728227315
2016-04-19,0.8707862067248876,0.0,1.9198454306314814
2016-04-20,0.7760590932198483,0.0,1.9801005180324025
2016-04-21,0.7470329030864966,0.0,1.8926599435874463
2016-04-22,0.7997541219829564,0.0,1.9252980714675354
2016-04-23,0.9530981624875638,0.0,2.138911693007408
2016-04-24,0.8363921778567026,0.0,2.063290197026968
2016-04-25,0.7635142804223635,0.0,1.9219410611436747
2016-04-26,0.8381338015164096,0.0,2.071319498772702
2016-04-27,0.7408738374859566,0.0,1.9405879020245325
2016-04-28,0.7090241846625821,0.0,1.838575155116788
2016-04-29,0.7586863495271351,0.0,1.8707233990327112
2016-04-30,0.7766126271994597,0.0,1.9522811886499059
2016-05-01,0.6358323994702074,0.0,1.7242894644498217
2016-05-02,0.7125860677889677,0.0,1.8109296098933767
2016-05-03,0.7839799052724057,0.0,1.8927831703085594
2016-05-04,0.6836832985524112,0.0,1.9066454017563337
2016-05-05,0.5245170252999354,0.0,1.6851967580598455
2016-05-06,0.6963781408277032,0.0,1.91559737941758
2016-05-07,0.8445998805801244,0.0,1.9653668569652463
2016-05-08,0.8124513472433892,0.0,1.9665992096064249
2016-05-09,0.6463269965610783,0.0,1.8733359354708419
2016-05-10,0.7176915982328795,0.0,1.9029779120904904
2016-05-11,0.6180953963388783,0.0,1.8171124395304776
2016-05-12,0.5849540579631056,0.0,1.7380360105671753
2016-05-13,0.6344754537837808,0.0,1.88539083565512
2016-05-14,0.7856862139420494,0.0,2.0201716641082847
2016-05-15,0.6680498996568892,0.0,1.808059220092943
2016-05-16,0.5955619311514027,0.0,1.8441898302367403
2016-05-17,0.6719860394920762,0.0,1.8647508555979726
2016-05-18,0.578013603180799,0.0,1.7781187394045113
2016-05-19,0.5509740706737676,0.0,1.6707666103227214
2016-05-20,0.6069782324784736,0.0,1.6962533464977727
2016-05-21,0.7649472951514251,0.0,1.9387941146949452
2016-05-22,0.6542337977740266,0.0,1.812932210638779
2016-05-23,0.5887194300419138,0.0,1.6736060487057733
2016-05-24,0.6720544340045956,0.0,1.901732996196275
